取得日時,残り枚数
2026/08/20 10:00,2000
2026/08/20 10:40,1996
2026/08/20 12:30,1979
2026/08/20 12:50,1978
2026/08/20 13:00,1976
2026/08/20 13:10,1974
2026/08/20 13:20,1972
2026/08/20 13:30,1971
2026/08/20 13:40,1971
2026/08/20 13:50,1971
2026/08/20 14:00,1970
2026/08/20 14:10,1968
2026/08/20 14:20,1967
2026/08/20 14:30,1967
2026/08/20 14:40,1966
2026/08/20 14:50,1965
2026/08/20 15:00,1965
2026/08/20 15:10,1963
2026/08/20 15:20,1963
2026/08/20 15:30,1963
2026/08/20 15:40,1963
2026/08/20 15:50,1961
2026/08/20 16:00,1959
2026/08/20 16:10,1957
2026/08/20 16:20,1956
2026/08/20 16:30,1955
2026/08/20 16:40,1953
2026/08/20 16:50,1952
2026/08/20 17:00,1951
2026/08/20 17:10,1949
2026/08/20 17:20,1947
2026/08/20 17:30,1946
2026/08/20 17:40,1939
2026/08/20 17:50,1936
2026/08/20 18:00,1936
2026/08/20 18:10,1935
2026/08/20 18:20,1935
2026/08/20 18:30,1932
2026/08/20 18:40,1930
2026/08/20 18:50,1927
2026/08/20 19:00,1927
2026/08/20 19:10,1922
2026/08/20 19:20,1918
2026/08/20 19:30,1918
2026/08/20 19:40,1917
2026/08/20 19:50,1914
2026/08/20 20:00,1911
2026/08/20 20:10,1910
2026/08/20 20:20,1906
2026/08/20 20:30,1905
2026/08/20 20:40,1901
2026/08/20 20:50,1901
2026/08/20 21:00,1897
2026/08/20 21:10,1894
2026/08/20 21:20,1892
2026/08/20 21:30,1886
2026/08/20 21:40,1883
2026/08/20 21:50,1880
2026/08/20 22:00,1878
2026/08/20 22:10,1875
2026/08/20 22:20,1874
2026/08/20 22:30,1873
2026/08/20 22:40,1868
2026/08/20 22:50,1864
2026/08/20 23:00,1860
2026/08/20 23:10,1860
2026/08/20 23:20,1858
2026/08/20 23:30,1853
2026/08/20 23:40,1850
2026/08/20 23:50,1849
2026/08/21 00:00,1848
2026/08/21 00:10,1848
2026/08/21 00:20,1847
2026/08/21 00:30,1846
2026/08/21 00:40,1846
2026/08/21 00:50,1846
2026/08/21 01:00,1846
2026/08/21 01:10,1846
2026/08/21 01:20,1846
2026/08/21 01:30,1845
2026/08/21 01:40,1845
2026/08/21 01:50,1845
2026/08/21 02:00,1844
2026/08/21 02:10,1844
2026/08/21 02:20,1844
2026/08/21 02:30,1843
2026/08/21 02:40,1842
2026/08/21 02:50,1842
2026/08/21 03:00,1842
2026/08/21 03:10,1842
2026/08/21 03:20,1842
2026/08/21 03:30,1842
2026/08/21 03:40,1842
2026/08/21 03:50,1842
2026/08/21 04:00,1842
2026/08/21 04:10,1842
2026/08/21 04:20,1842
2026/08/21 04:30,1842
2026/08/21 04:40,1842
2026/08/21 04:50,1842
2026/08/21 07:00,1842
2026/08/21 07:10,1842
2026/08/21 07:20,1842
2026/08/21 07:30,1842
2026/08/21 07:40,1842
2026/08/21 07:50,1842
2026/08/21 08:00,1842
2026/08/21 08:10,1842
2026/08/21 08:20,1842
2026/08/21 08:30,1842
2026/08/21 08:40,1842
2026/08/21 08:50,1842
2026/08/21 09:00,1842
2026/08/21 09:10,1842
2026/08/21 09:20,1842
2026/08/21 09:30,1842
2026/08/21 09:40,1842
2026/08/21 09:50,1842
2026/08/21 10:00,1841
2026/08/21 10:10,1840
2026/08/21 10:20,1840
2026/08/21 10:30,1839
2026/08/21 10:40,1838
2026/08/21 10:50,1837
2026/08/21 11:00,1836
2026/08/21 11:10,1835
2026/08/21 11:20,1835
2026/08/21 11:30,1835
2026/08/21 11:40,1833
2026/08/21 11:50,1833
2026/08/21 12:00,1830
2026/08/21 12:10,1830
2026/08/21 12:20,1830
2026/08/21 12:30,1830
2026/08/21 12:40,1830
2026/08/21 12:50,1830
2026/08/21 13:00,1828
2026/08/21 13:10,1827
2026/08/21 13:20,1825
2026/08/21 13:30,1823
2026/08/21 13:40,1823
2026/08/21 13:50,1823
2026/08/21 14:00,1822
2026/08/21 14:10,1819
2026/08/21 14:20,1818
2026/08/21 14:30,1816
2026/08/21 14:40,1815
2026/08/21 14:50,1815
2026/08/21 15:00,1815
2026/08/21 15:10,1813
2026/08/21 15:20,1810
2026/08/21 15:30,1809
2026/08/21 15:40,1807
2026/08/21 15:50,1805
2026/08/21 16:00,1803
2026/08/21 16:10,1802
2026/08/21 16:20,1802
2026/08/21 16:30,1802
2026/08/21 16:40,1800
2026/08/21 16:50,1800
2026/08/21 17:00,1800
2026/08/21 17:10,1799
2026/08/21 17:20,1795
2026/08/21 17:30,1793
2026/08/21 17:40,1793
2026/08/21 17:50,1790
2026/08/21 18:00,1790
2026/08/21 18:10,1790
2026/08/21 18:20,1788
2026/08/21 18:30,1787
2026/08/21 18:40,1785
2026/08/21 18:50,1784
2026/08/21 19:00,1783
2026/08/21 19:10,1782
2026/08/21 19:20,1780
2026/08/21 19:30,1777
2026/08/21 19:40,1777
2026/08/21 19:50,1777
2026/08/21 20:00,1776
2026/08/21 20:10,1774
2026/08/21 20:20,1774
2026/08/21 20:30,1774
2026/08/21 20:40,1772
2026/08/21 20:50,1769
2026/08/21 21:00,1768
2026/08/21 21:10,1767
2026/08/21 21:20,1765
2026/08/21 21:30,1765
2026/08/21 21:40,1764
2026/08/21 21:50,1763
2026/08/21 22:00,1762
2026/08/21 22:10,1760
2026/08/21 22:20,1758
2026/08/21 22:30,1755
2026/08/21 22:40,1751
2026/08/21 22:50,1750
2026/08/21 23:00,1749
2026/08/21 23:10,1748
2026/08/21 23:20,1746
2026/08/21 23:30,1745
2026/08/21 23:40,1744
2026/08/21 23:50,1744
2026/08/22 00:00,1743
2026/08/22 00:10,1743
2026/08/22 00:20,1743
2026/08/22 00:30,1742
2026/08/22 00:40,1741
2026/08/22 00:50,1741
2026/08/22 01:00,1741
2026/08/22 01:10,1741
2026/08/22 01:20,1741
2026/08/22 01:30,1741
2026/08/22 01:40,1741
2026/08/22 01:50,1741
2026/08/22 02:00,1741
2026/08/22 02:10,1741
2026/08/22 02:20,1741
2026/08/22 02:30,1741
2026/08/22 02:40,1740
2026/08/22 02:50,1739
2026/08/22 03:00,1739
2026/08/22 03:10,1738
2026/08/22 03:20,1738
2026/08/22 03:30,1738
2026/08/22 03:40,1737
2026/08/22 03:50,1737
2026/08/22 04:00,1737
2026/08/22 04:10,1737
2026/08/22 04:20,1737
2026/08/22 04:30,1737
2026/08/22 04:40,1737
2026/08/22 04:50,1737
2026/08/22 07:00,1737
2026/08/22 07:10,1736
2026/08/22 07:20,1736
2026/08/22 07:30,1735
2026/08/22 07:40,1734
2026/08/22 07:50,1734
2026/08/22 08:00,1734
2026/08/22 08:10,1733
2026/08/22 08:20,1733
2026/08/22 08:30,1733
2026/08/22 08:40,1733
2026/08/22 08:50,1733
2026/08/22 09:00,1732
2026/08/22 09:10,1732
2026/08/22 09:20,1732
2026/08/22 09:30,1731
2026/08/22 09:40,1731
2026/08/22 09:50,1730
2026/08/22 10:00,1729
2026/08/22 10:10,1727
2026/08/22 10:20,1727
2026/08/22 10:30,1724
2026/08/22 10:40,1724
2026/08/22 10:50,1723
2026/08/22 11:00,1722
2026/08/22 11:10,1720
2026/08/22 11:20,1718
2026/08/22 11:30,1718
2026/08/22 11:40,1716
2026/08/22 11:50,1715
2026/08/22 12:00,1714
2026/08/22 12:10,1714
2026/08/22 12:20,1712
2026/08/22 12:30,1712
2026/08/22 12:40,1712
2026/08/22 12:50,1712
2026/08/22 13:00,1710
2026/08/22 13:10,1709
2026/08/22 13:20,1707
2026/08/22 13:30,1707
2026/08/22 13:40,1705
2026/08/22 13:50,1705
2026/08/22 13:54,1704
2026/08/22 14:10,1704
2026/08/22 14:20,1703
2026/08/22 14:30,1699
2026/08/22 14:40,1698
2026/08/22 14:50,1696
2026/08/22 15:00,1694
2026/08/22 15:10,1693
2026/08/22 15:20,1690
2026/08/22 15:30,1688
2026/08/22 15:40,1687
2026/08/22 15:50,1686
2026/08/22 16:00,1685
2026/08/22 16:10,1685
2026/08/22 16:20,1684
2026/08/22 16:30,1681
2026/08/22 16:40,1680
2026/08/22 16:50,1678
2026/08/22 17:00,1675
2026/08/22 17:10,1674
2026/08/22 17:20,1674
2026/08/22 17:30,1673
2026/08/22 17:40,1673
2026/08/22 17:50,1672
2026/08/22 18:00,1669
2026/08/22 18:10,1668
2026/08/22 18:20,1666
2026/08/22 18:30,1665
2026/08/22 18:40,1665
2026/08/22 18:50,1664
2026/08/22 19:00,1663
2026/08/22 19:10,1659
2026/08/22 19:20,1658
2026/08/22 19:30,1656
2026/08/22 19:40,1650
2026/08/22 19:50,1649
2026/08/22 20:00,1649
2026/08/22 20:10,1647
2026/08/22 20:20,1646
2026/08/22 20:30,1645
2026/08/22 20:40,1644
2026/08/22 20:50,1642
2026/08/22 21:00,1642
2026/08/22 21:10,1639
2026/08/22 21:20,1637
2026/08/22 21:30,1637
2026/08/22 21:40,1635
2026/08/22 21:50,1633
2026/08/22 22:00,1633
2026/08/22 22:10,1630
2026/08/22 22:20,1630
2026/08/22 22:30,1629
2026/08/22 22:40,1626
2026/08/22 22:50,1624
2026/08/22 23:00,1621
2026/08/22 23:10,1619
2026/08/22 23:20,1618
2026/08/22 23:30,1617
2026/08/22 23:40,1616
2026/08/22 23:50,1614
2026/08/23 00:00,1612
2026/08/23 00:10,1611
2026/08/23 00:20,1611
2026/08/23 00:30,1611
2026/08/23 00:40,1609
2026/08/23 00:50,1609
2026/08/23 01:00,1608
2026/08/23 01:10,1607
2026/08/23 01:20,1606
2026/08/23 01:30,1606
2026/08/23 01:40,1606
2026/08/23 01:50,1606
2026/08/23 02:00,1606
2026/08/23 02:10,1606
2026/08/23 02:20,1606
2026/08/23 02:30,1606
2026/08/23 02:40,1606
2026/08/23 02:50,1606
2026/08/23 03:00,1606
2026/08/23 03:10,1606
2026/08/23 03:20,1606
2026/08/23 03:30,1606
2026/08/23 03:40,1605
2026/08/23 03:50,1605
2026/08/23 04:00,1605
2026/08/23 04:10,1605
2026/08/23 04:20,1605
2026/08/23 04:30,1605
2026/08/23 04:40,1605
2026/08/23 04:50,1604
2026/08/23 07:00,1604
2026/08/23 07:10,1604
2026/08/23 07:20,1603
2026/08/23 07:30,1602
2026/08/23 07:40,1600
2026/08/23 07:50,1599
2026/08/23 08:00,1599
2026/08/23 08:10,1599
2026/08/23 08:20,1599
2026/08/23 08:30,1599
2026/08/23 08:40,1599
2026/08/23 08:50,1598
2026/08/23 09:00,1597
2026/08/23 09:10,1597
2026/08/23 09:20,1595
2026/08/23 09:30,1595
2026/08/23 09:40,1595
2026/08/23 09:50,1595
2026/08/23 10:00,1594
2026/08/23 10:10,1593
2026/08/23 10:20,1593
2026/08/23 10:30,1593
2026/08/23 10:40,1591
2026/08/23 10:50,1591
2026/08/23 11:00,1591
2026/08/23 11:10,1590
2026/08/23 11:20,1590
2026/08/23 11:30,1588
2026/08/23 11:40,1588
2026/08/23 11:50,1584
2026/08/23 12:00,1583
2026/08/23 12:10,1581
2026/08/23 12:20,1580
2026/08/23 12:30,1578
2026/08/23 12:40,1576
2026/08/23 12:50,1575
2026/08/23 13:00,1572
2026/08/23 13:10,1572
2026/08/23 13:20,1572
2026/08/23 13:30,1570
2026/08/23 13:40,1568
2026/08/23 13:50,1566
2026/08/23 14:00,1563
2026/08/23 14:10,1562
2026/08/23 14:20,1561
2026/08/23 14:30,1560
2026/08/23 14:40,1560
2026/08/23 14:50,1560
2026/08/23 15:00,1558
2026/08/23 15:10,1555
2026/08/23 15:20,1552
2026/08/23 15:30,1551
2026/08/23 15:40,1548
2026/08/23 15:50,1545
2026/08/23 16:00,1543
2026/08/23 16:10,1538
2026/08/23 16:20,1537
2026/08/23 16:30,1534
2026/08/23 16:40,1533
2026/08/23 16:50,1530
2026/08/23 17:00,1530
2026/08/23 17:10,1529
2026/08/23 17:20,1528
2026/08/23 17:30,1526
2026/08/23 17:40,1521
2026/08/23 17:50,1519
2026/08/23 18:00,1519
2026/08/23 18:10,1517
2026/08/23 18:20,1514
2026/08/23 18:30,1511
2026/08/23 18:40,1510
2026/08/23 18:50,1509
2026/08/23 19:00,1504
2026/08/23 19:10,1501
2026/08/23 19:20,1499
2026/08/23 19:30,1498
2026/08/23 19:40,1495
2026/08/23 19:50,1495
2026/08/23 20:00,1495
2026/08/23 20:10,1494
2026/08/23 20:20,1493
2026/08/23 20:30,1491
2026/08/23 20:40,1491
2026/08/23 20:50,1490
2026/08/23 21:00,1486
2026/08/23 21:10,1485
2026/08/23 21:20,1483
2026/08/23 21:30,1480
2026/08/23 21:40,1479
2026/08/23 21:50,1478
2026/08/23 22:00,1476
2026/08/23 22:10,1469
2026/08/23 22:20,1467
2026/08/23 22:30,1464
2026/08/23 22:40,1463
2026/08/23 22:50,1462
2026/08/23 23:00,1460
2026/08/23 23:10,1459
2026/08/23 23:20,1459
2026/08/23 23:30,1456
2026/08/23 23:40,1452
2026/08/23 23:50,1451
2026/08/24 00:00,1450
2026/08/24 00:10,1450
2026/08/24 00:20,1449
2026/08/24 00:30,1448
2026/08/24 00:40,1448
2026/08/24 00:50,1448
2026/08/24 01:00,1448
2026/08/24 01:10,1448
2026/08/24 01:20,1448
2026/08/24 01:30,1448
2026/08/24 01:40,1448
2026/08/24 01:50,1447
2026/08/24 02:00,1447
2026/08/24 02:10,1447
2026/08/24 02:20,1447
2026/08/24 02:30,1447
2026/08/24 02:40,1447
2026/08/24 02:50,1447
2026/08/24 03:00,1447
2026/08/24 03:10,1447
2026/08/24 03:20,1446
2026/08/24 03:30,1446
2026/08/24 03:40,1446
2026/08/24 03:50,1446
2026/08/24 04:00,1446
2026/08/24 04:10,1446
2026/08/24 04:20,1446
2026/08/24 04:30,1446
2026/08/24 04:40,1446
2026/08/24 04:50,1446
2026/08/24 07:00,1446
2026/08/24 07:10,1446
2026/08/24 07:20,1446
2026/08/24 07:30,1446
2026/08/24 07:40,1446
2026/08/24 07:50,1446
2026/08/24 08:00,1446
2026/08/24 08:10,1446
2026/08/24 08:20,1446
2026/08/24 08:30,1446
2026/08/24 08:40,1446
2026/08/24 08:50,1446
2026/08/24 09:00,1446
2026/08/24 09:10,1446
2026/08/24 09:20,1446
2026/08/24 09:30,1446
2026/08/24 09:40,1446
2026/08/24 09:50,1446
2026/08/24 10:00,1446
2026/08/24 10:10,1446
2026/08/24 10:20,1446
2026/08/24 10:30,1446
2026/08/24 10:40,1446
2026/08/24 10:50,1446
2026/08/24 11:00,1446
2026/08/24 11:10,1446
2026/08/24 11:20,1445
2026/08/24 11:30,1445
2026/08/24 11:40,1445
2026/08/24 11:50,1445
2026/08/24 12:00,1444
2026/08/24 12:10,1444
2026/08/24 12:20,1444
2026/08/24 12:30,1444
2026/08/24 12:40,1444
2026/08/24 12:50,1441
2026/08/24 13:00,1441
2026/08/24 13:10,1440
2026/08/24 13:20,1439
2026/08/24 13:30,1439
2026/08/24 13:40,1438
2026/08/24 13:50,1437
2026/08/24 14:00,1437
2026/08/24 14:10,1437
2026/08/24 14:20,1436
2026/08/24 14:30,1435
2026/08/24 14:40,1435
2026/08/24 14:50,1435
2026/08/24 15:00,1435
2026/08/24 15:10,1434
2026/08/24 15:20,1432
2026/08/24 15:30,1432
2026/08/24 15:40,1431
2026/08/24 15:50,1431
2026/08/24 16:00,1430
2026/08/24 16:10,1430
2026/08/24 16:20,1430
2026/08/24 16:30,1430
2026/08/24 16:40,1429
2026/08/24 16:50,1429
2026/08/24 17:00,1429
2026/08/24 17:10,1427
2026/08/24 17:20,1427
2026/08/24 17:30,1427
2026/08/24 17:40,1426
2026/08/24 17:50,1425
2026/08/24 18:00,1425
2026/08/24 18:10,1425
2026/08/24 18:20,1425
2026/08/24 18:30,1424
2026/08/24 18:40,1422
2026/08/24 18:50,1420
2026/08/24 19:00,1418
2026/08/24 19:10,1416
2026/08/24 19:20,1416
2026/08/24 19:30,1415
2026/08/24 19:40,1413
2026/08/24 19:50,1410
2026/08/24 20:00,1409
2026/08/24 20:10,1409
2026/08/24 20:20,1409
2026/08/24 20:30,1408
2026/08/24 20:40,1407
2026/08/24 20:50,1407
2026/08/24 21:00,1405
2026/08/24 21:10,1403
2026/08/24 21:20,1403
2026/08/24 21:30,1402
2026/08/24 21:40,1402
2026/08/24 21:50,1399
2026/08/24 22:00,1397
2026/08/24 22:10,1397
2026/08/24 22:20,1396
2026/08/24 22:30,1396
2026/08/24 22:40,1394
2026/08/24 22:50,1394
2026/08/24 23:00,1391
2026/08/24 23:10,1391
2026/08/24 23:20,1390
2026/08/24 23:30,1389
2026/08/24 23:40,1389
2026/08/24 23:50,1387
2026/08/25 00:00,1387
2026/08/25 00:10,1386
2026/08/25 00:20,1386
2026/08/25 00:30,1386
2026/08/25 00:40,1386
2026/08/25 00:50,1386
2026/08/25 01:00,1386
2026/08/25 01:10,1386
2026/08/25 01:20,1386
2026/08/25 01:30,1386
2026/08/25 01:40,1386
2026/08/25 01:50,1386
2026/08/25 02:00,1386
2026/08/25 02:10,1386
2026/08/25 02:20,1386
2026/08/25 02:30,1386
2026/08/25 02:40,1386
2026/08/25 02:50,1386
2026/08/25 03:00,1386
2026/08/25 03:10,1386
2026/08/25 03:20,1386
2026/08/25 03:30,1386
2026/08/25 03:40,1386
2026/08/25 03:50,1386
2026/08/25 04:00,1386
2026/08/25 04:10,1386
2026/08/25 04:20,1386
2026/08/25 04:30,1386
2026/08/25 04:40,1386
2026/08/25 04:50,1386
2026/08/25 07:00,1386
2026/08/25 07:10,1386
2026/08/25 07:20,1386
2026/08/25 07:30,1386
2026/08/25 07:40,1386
2026/08/25 07:50,1386
2026/08/25 08:00,1386
2026/08/25 08:10,1386
2026/08/25 08:20,1386
2026/08/25 08:30,1386
2026/08/25 08:40,1386
2026/08/25 08:50,1386
2026/08/25 09:00,1386
2026/08/25 09:10,1386
2026/08/25 09:20,1386
2026/08/25 09:30,1386
2026/08/25 09:40,1386
2026/08/25 09:50,1386
2026/08/25 10:00,1385
2026/08/25 10:10,1385
2026/08/25 10:20,1385
2026/08/25 10:30,1385
2026/08/25 10:40,1385
2026/08/25 10:50,1385
2026/08/25 11:00,1384
2026/08/25 11:10,1383
2026/08/25 11:20,1383
2026/08/25 11:30,1381
2026/08/25 11:40,1381
2026/08/25 11:50,1381
2026/08/25 12:00,1381
2026/08/25 12:10,1381
2026/08/25 12:20,1381
2026/08/25 12:30,1381
2026/08/25 12:40,1381
2026/08/25 12:50,1381
2026/08/25 13:00,1381
2026/08/25 13:10,1381
2026/08/25 13:20,1381
2026/08/25 13:30,1380
2026/08/25 13:40,1380
2026/08/25 13:50,1379
2026/08/25 14:00,1378
2026/08/25 14:10,1378
2026/08/25 14:20,1378
2026/08/25 14:30,1378
2026/08/25 14:40,1377
2026/08/25 14:50,1377
2026/08/25 15:00,1377
2026/08/25 15:10,1377
2026/08/25 15:20,1375
2026/08/25 15:30,1374
2026/08/25 15:40,1374
2026/08/25 15:50,1374
2026/08/25 16:00,1372
2026/08/25 16:10,1371
2026/08/25 16:20,1370
2026/08/25 16:30,1370
2026/08/25 16:40,1369
2026/08/25 16:50,1368
2026/08/25 17:00,1367
2026/08/25 17:10,1365
2026/08/25 17:20,1364
2026/08/25 17:30,1363
2026/08/25 17:40,1362
2026/08/25 17:50,1362
2026/08/25 18:00,1360
2026/08/25 18:10,1358
2026/08/25 18:20,1356
2026/08/25 18:30,1356
2026/08/25 18:40,1355
2026/08/25 18:50,1355
2026/08/25 19:00,1355
2026/08/25 19:10,1351
2026/08/25 19:20,1349
2026/08/25 19:30,1348
2026/08/25 19:40,1346
2026/08/25 19:50,1343
2026/08/25 20:00,1341
2026/08/25 20:10,1341
2026/08/25 20:20,1340
2026/08/25 20:30,1340
2026/08/25 20:40,1337
2026/08/25 20:50,1336
2026/08/25 21:00,1336
2026/08/25 21:10,1334
2026/08/25 21:20,1334
2026/08/25 21:30,1333
2026/08/25 21:40,1333
2026/08/25 21:50,1333
2026/08/25 22:00,1331
2026/08/25 22:10,1328
2026/08/25 22:20,1325
2026/08/25 22:30,1323
2026/08/25 22:40,1321
2026/08/25 22:50,1320
2026/08/25 23:00,1320
2026/08/25 23:10,1320
2026/08/25 23:20,1319
2026/08/25 23:30,1316
2026/08/25 23:40,1316
2026/08/25 23:50,1316
2026/08/26 00:00,1316
2026/08/26 00:10,1315
2026/08/26 00:20,1315
2026/08/26 00:30,1314
2026/08/26 00:40,1313
2026/08/26 00:50,1313
2026/08/26 01:00,1312
2026/08/26 01:10,1311
2026/08/26 01:20,1311
2026/08/26 01:30,1311
2026/08/26 01:40,1310
2026/08/26 01:50,1310
2026/08/26 02:00,1310
2026/08/26 02:10,1310
2026/08/26 02:20,1310
2026/08/26 02:30,1310
2026/08/26 02:40,1310
2026/08/26 02:50,1310
2026/08/26 03:00,1310
2026/08/26 03:10,1310
2026/08/26 03:20,1310
2026/08/26 03:30,1310
2026/08/26 03:40,1310
2026/08/26 03:50,1310
2026/08/26 04:00,1310
2026/08/26 04:10,1310
2026/08/26 04:20,1310
2026/08/26 04:30,1310
2026/08/26 04:40,1310
2026/08/26 04:50,1310
2026/08/26 07:00,1310
2026/08/26 07:10,1310
2026/08/26 07:20,1310
2026/08/26 07:30,1310
2026/08/26 07:40,1310
2026/08/26 07:50,1310
2026/08/26 08:00,1310
2026/08/26 08:10,1310
2026/08/26 08:20,1310
2026/08/26 08:30,1310
2026/08/26 08:40,1310
2026/08/26 08:50,1310
2026/08/26 09:00,1310
2026/08/26 09:10,1310
2026/08/26 09:20,1310
2026/08/26 09:30,1310
2026/08/26 09:40,1310
2026/08/26 09:50,1310
2026/08/26 10:00,1310
2026/08/26 10:10,1310
2026/08/26 10:20,1310
2026/08/26 10:30,1310
2026/08/26 10:40,1310
2026/08/26 10:50,1309
2026/08/26 11:00,1309
2026/08/26 11:10,1309
2026/08/26 11:20,1309
2026/08/26 11:30,1309
2026/08/26 11:40,1308
2026/08/26 11:50,1308
2026/08/26 12:00,1308
2026/08/26 12:10,1308
2026/08/26 12:20,1308
2026/08/26 12:30,1308
2026/08/26 12:40,1307
2026/08/26 12:50,1307
2026/08/26 13:00,1307
2026/08/26 13:10,1306
2026/08/26 13:20,1305
2026/08/26 13:30,1305
2026/08/26 13:40,1304
2026/08/26 13:50,1304
2026/08/26 14:00,1304
2026/08/26 14:10,1303
2026/08/26 14:20,1303
2026/08/26 14:30,1303
2026/08/26 14:40,1303
2026/08/26 14:50,1303
2026/08/26 15:00,1301
2026/08/26 15:10,1300
2026/08/26 15:20,1299
2026/08/26 15:30,1298
2026/08/26 15:40,1296
2026/08/26 15:50,1295
2026/08/26 16:00,1294
2026/08/26 16:10,1294
2026/08/26 16:20,1294
2026/08/26 16:30,1294
2026/08/26 16:40,1293
2026/08/26 16:50,1292
2026/08/26 17:00,1290
2026/08/26 17:10,1288
2026/08/26 17:20,1288
2026/08/26 17:30,1287
2026/08/26 17:40,1281
2026/08/26 17:50,1280
2026/08/26 18:00,1277
2026/08/26 18:10,1275
2026/08/26 18:20,1275
2026/08/26 18:30,1274
2026/08/26 18:40,1273
2026/08/26 18:50,1270
2026/08/26 19:00,1269
2026/08/26 19:10,1266
2026/08/26 19:20,1263
2026/08/26 19:30,1262
2026/08/26 19:40,1261
2026/08/26 19:50,1260
2026/08/26 20:00,1258
2026/08/26 20:10,1258
2026/08/26 20:20,1256
2026/08/26 20:30,1253
2026/08/26 20:40,1253
2026/08/26 20:50,1253
2026/08/26 21:00,1253
2026/08/26 21:10,1253
2026/08/26 21:20,1252
2026/08/26 21:30,1250
2026/08/26 21:40,1249
2026/08/26 21:50,1248
2026/08/26 22:00,1246
2026/08/26 22:10,1245
2026/08/26 22:20,1243
2026/08/26 22:30,1243
2026/08/26 22:40,1240
2026/08/26 22:50,1240
2026/08/26 23:00,1239
2026/08/26 23:10,1239
2026/08/26 23:20,1239
2026/08/26 23:30,1238
2026/08/26 23:40,1237
2026/08/26 23:50,1237
2026/08/27 00:00,1237
2026/08/27 00:10,1237
2026/08/27 00:20,1236
2026/08/27 00:30,1235
2026/08/27 00:40,1235
2026/08/27 00:50,1235
2026/08/27 01:00,1235
2026/08/27 01:10,1235
2026/08/27 01:20,1235
2026/08/27 01:30,1235
2026/08/27 01:40,1235
2026/08/27 01:50,1235
2026/08/27 02:00,1235
2026/08/27 02:10,1234
2026/08/27 02:20,1234
2026/08/27 02:30,1234
2026/08/27 02:40,1234
2026/08/27 02:50,1234
2026/08/27 03:00,1234
2026/08/27 03:10,1234
2026/08/27 03:20,1234
2026/08/27 03:30,1234
2026/08/27 03:40,1234
2026/08/27 03:50,1234
2026/08/27 04:00,1234
2026/08/27 04:10,1234
2026/08/27 04:20,1234
2026/08/27 04:30,1234
2026/08/27 04:40,1234
2026/08/27 04:50,1234
2026/08/27 07:00,1234
2026/08/27 07:10,1234
2026/08/27 07:20,1234
2026/08/27 07:30,1234
2026/08/27 07:40,1234
2026/08/27 07:50,1234
2026/08/27 08:00,1234
2026/08/27 08:10,1234
2026/08/27 08:20,1233
2026/08/27 08:30,1233
2026/08/27 08:40,1233
2026/08/27 08:50,1233
2026/08/27 09:00,1233
2026/08/27 09:10,1232
2026/08/27 09:20,1232
2026/08/27 09:30,1232
2026/08/27 09:40,1232
2026/08/27 09:50,1232
2026/08/27 10:00,1232
2026/08/27 10:10,1232
2026/08/27 10:20,1232
2026/08/27 10:30,1232
2026/08/27 10:40,1232
2026/08/27 10:50,1231
2026/08/27 11:00,1231
2026/08/27 11:10,1231
2026/08/27 11:20,1231
2026/08/27 11:30,1231
2026/08/27 11:40,1229
2026/08/27 11:50,1229
2026/08/27 12:00,1229
2026/08/27 12:10,1228
2026/08/27 12:20,1227
2026/08/27 12:30,1226
2026/08/27 12:40,1226
2026/08/27 12:50,1226
2026/08/27 13:00,1225
2026/08/27 13:10,1224
2026/08/27 13:20,1224
2026/08/27 13:30,1224
2026/08/27 13:40,1224
2026/08/27 13:50,1224
2026/08/27 14:00,1222
2026/08/27 14:10,1221
2026/08/27 14:20,1221
2026/08/27 14:30,1221
2026/08/27 14:40,1221
2026/08/27 14:50,1220
2026/08/27 15:00,1220
2026/08/27 15:10,1218
2026/08/27 15:20,1218
2026/08/27 15:30,1218
2026/08/27 15:40,1217
2026/08/27 15:50,1215
2026/08/27 16:00,1213
2026/08/27 16:10,1211
2026/08/27 16:20,1211
2026/08/27 16:30,1210
2026/08/27 16:40,1210
2026/08/27 16:50,1209
2026/08/27 17:00,1209
2026/08/27 17:10,1208
2026/08/27 17:20,1207
2026/08/27 17:30,1207
2026/08/27 17:40,1207
2026/08/27 17:50,1207
2026/08/27 18:00,1206
2026/08/27 18:10,1206
2026/08/27 18:20,1206
2026/08/27 18:30,1204
2026/08/27 18:40,1203
2026/08/27 18:50,1202
2026/08/27 19:00,1201
2026/08/27 19:10,1201
2026/08/27 19:20,1201
2026/08/27 19:30,1199
2026/08/27 19:40,1197
2026/08/27 19:50,1197
2026/08/27 20:00,1196
2026/08/27 20:10,1196
2026/08/27 20:20,1196
2026/08/27 20:30,1194
2026/08/27 20:40,1190
2026/08/27 20:50,1189
2026/08/27 21:00,1189
2026/08/27 21:10,1187
2026/08/27 21:20,1185
2026/08/27 21:30,1185
2026/08/27 21:40,1182
2026/08/27 21:50,1180
2026/08/27 22:00,1179
2026/08/27 22:10,1178
2026/08/27 22:20,1178
2026/08/27 22:30,1177
2026/08/27 22:40,1175
2026/08/27 22:50,1173
2026/08/27 23:00,1173
2026/08/27 23:10,1172
2026/08/27 23:20,1170
2026/08/27 23:30,1170
2026/08/27 23:40,1170
2026/08/27 23:50,1169
2026/08/28 00:00,1169
2026/08/28 00:10,1168
2026/08/28 00:20,1166
2026/08/28 00:30,1165
2026/08/28 00:40,1165
2026/08/28 00:50,1165
2026/08/28 01:00,1164
2026/08/28 01:10,1164
2026/08/28 01:20,1163
2026/08/28 01:30,1162
2026/08/28 01:40,1162
2026/08/28 01:50,1162
2026/08/28 02:00,1162
2026/08/28 02:10,1162
2026/08/28 02:20,1162
2026/08/28 02:30,1162
2026/08/28 02:40,1162
2026/08/28 02:50,1162
2026/08/28 03:00,1162
2026/08/28 03:10,1162
2026/08/28 03:20,1162
2026/08/28 03:30,1162
2026/08/28 03:40,1162
2026/08/28 03:50,1162
2026/08/28 04:00,1161
2026/08/28 04:10,1161
2026/08/28 04:20,1161
2026/08/28 04:30,1161
2026/08/28 04:40,1161
2026/08/28 04:50,1161
2026/08/28 07:00,1161
2026/08/28 07:10,1161
2026/08/28 07:20,1161
2026/08/28 07:30,1161
2026/08/28 07:40,1161
2026/08/28 07:50,1161
2026/08/28 08:00,1161
2026/08/28 08:10,1161
2026/08/28 08:20,1161
2026/08/28 08:30,1161
2026/08/28 08:40,1161
2026/08/28 08:50,1161
2026/08/28 09:00,1161
2026/08/28 09:10,1161
2026/08/28 09:20,1161
2026/08/28 09:30,1160
2026/08/28 09:40,1160
2026/08/28 09:50,1160
2026/08/28 10:00,1159
2026/08/28 10:10,1159
2026/08/28 10:20,1158
2026/08/28 10:30,1157
2026/08/28 10:40,1157
2026/08/28 10:50,1157
2026/08/28 11:00,1157
2026/08/28 11:10,1157
2026/08/28 11:20,1157
2026/08/28 11:30,1157
2026/08/28 11:40,1157
2026/08/28 11:50,1157
2026/08/28 12:00,1156
2026/08/28 12:10,1156
2026/08/28 12:20,1156
2026/08/28 12:30,1156
2026/08/28 12:40,1156
2026/08/28 12:50,1155
2026/08/28 13:00,1155
2026/08/28 13:10,1155
2026/08/28 13:20,1155
2026/08/28 13:30,1155
2026/08/28 13:40,1155
2026/08/28 13:50,1155
2026/08/28 14:00,1155
2026/08/28 14:10,1155
2026/08/28 14:20,1155
2026/08/28 14:30,1154
2026/08/28 14:40,1152
2026/08/28 14:50,1150
2026/08/28 15:00,1150
2026/08/28 15:10,1150
2026/08/28 15:20,1150
2026/08/28 15:30,1150
2026/08/28 15:40,1148
2026/08/28 15:50,1146
2026/08/28 16:00,1146
2026/08/28 16:10,1144
2026/08/28 16:20,1143
2026/08/28 16:30,1143
2026/08/28 16:40,1141
2026/08/28 16:50,1141
2026/08/28 17:00,1140
2026/08/28 17:10,1140
2026/08/28 17:20,1140
2026/08/28 17:30,1139
2026/08/28 17:40,1137
2026/08/28 17:50,1135
2026/08/28 18:00,1134
2026/08/28 18:10,1133
2026/08/28 18:20,1133
2026/08/28 18:30,1133
2026/08/28 18:40,1131
2026/08/28 18:50,1130
2026/08/28 19:00,1129
2026/08/28 19:10,1129
2026/08/28 19:20,1128
2026/08/28 19:30,1128
2026/08/28 19:40,1127
2026/08/28 19:50,1127
2026/08/28 20:00,1125
2026/08/28 20:10,1122
2026/08/28 20:20,1119
2026/08/28 20:30,1118
2026/08/28 20:40,1117
2026/08/28 20:50,1113
2026/08/28 21:00,1109
2026/08/28 21:10,1107
2026/08/28 21:20,1106
2026/08/28 21:30,1106
2026/08/28 21:40,1106
2026/08/28 21:50,1103
2026/08/28 22:00,1103
2026/08/28 22:10,1103
2026/08/28 22:20,1102
2026/08/28 22:30,1102
2026/08/28 22:40,1101
2026/08/28 22:50,1101
2026/08/28 23:00,1100
2026/08/28 23:10,1098
2026/08/28 23:20,1098
2026/08/28 23:30,1098
2026/08/28 23:40,1098
2026/08/28 23:50,1096
2026/08/29 00:00,1091
2026/08/29 00:10,1090
2026/08/29 00:20,1090
2026/08/29 00:30,1089
2026/08/29 00:40,1089
2026/08/29 00:50,1089
2026/08/29 01:00,1089
2026/08/29 01:10,1088
2026/08/29 01:20,1088
2026/08/29 01:30,1088
2026/08/29 01:40,1088
2026/08/29 01:50,1088
2026/08/29 02:00,1088
2026/08/29 02:10,1088
2026/08/29 02:20,1088
2026/08/29 02:30,1088
2026/08/29 02:40,1088
2026/08/29 02:50,1088
2026/08/29 03:00,1088
2026/08/29 03:10,1088
2026/08/29 03:20,1088
2026/08/29 03:30,1088
2026/08/29 03:40,1088
2026/08/29 03:50,1088
2026/08/29 04:00,1088
2026/08/29 04:10,1088
2026/08/29 04:20,1088
2026/08/29 04:30,1088
2026/08/29 04:40,1088
2026/08/29 04:50,1088
2026/08/29 07:00,1088
2026/08/29 07:10,1088
2026/08/29 07:20,1088
2026/08/29 07:30,1088
2026/08/29 07:40,1088
2026/08/29 07:50,1088
2026/08/29 08:00,1087
2026/08/29 08:10,1086
2026/08/29 08:20,1085
2026/08/29 08:30,1085
2026/08/29 08:40,1085
2026/08/29 08:50,1085
2026/08/29 09:00,1085
2026/08/29 09:10,1085
2026/08/29 09:20,1085
2026/08/29 09:30,1084
2026/08/29 09:40,1084
2026/08/29 09:50,1084
2026/08/29 10:00,1083
2026/08/29 10:10,1083
2026/08/29 10:20,1083
2026/08/29 10:30,1083
2026/08/29 10:40,1083
2026/08/29 10:50,1081
2026/08/29 11:00,1081
2026/08/29 11:10,1080
2026/08/29 11:20,1080
2026/08/29 11:30,1079
2026/08/29 11:40,1078
2026/08/29 11:50,1078
2026/08/29 12:00,1078
2026/08/29 12:10,1078
2026/08/29 12:20,1076
2026/08/29 12:30,1075
2026/08/29 12:40,1072
2026/08/29 12:50,1071
2026/08/29 13:00,1070
2026/08/29 13:10,1068
2026/08/29 13:20,1066
2026/08/29 13:30,1065
2026/08/29 13:40,1065
2026/08/29 13:50,1064
2026/08/29 14:00,1064
2026/08/29 14:10,1063
2026/08/29 14:20,1063
2026/08/29 14:30,1061
2026/08/29 14:40,1058
2026/08/29 14:50,1057
2026/08/29 15:00,1056
2026/08/29 15:10,1055
2026/08/29 15:20,1053
2026/08/29 15:30,1050
2026/08/29 15:40,1048
2026/08/29 15:50,1048
2026/08/29 16:00,1046
2026/08/29 16:10,1045
2026/08/29 16:20,1044
2026/08/29 16:30,1042
2026/08/29 16:40,1040
2026/08/29 16:50,1039
2026/08/29 17:00,1038
2026/08/29 17:10,1037
2026/08/29 17:20,1035
2026/08/29 17:30,1033
2026/08/29 17:40,1033
2026/08/29 17:50,1033
2026/08/29 18:00,1031
2026/08/29 18:10,1030
2026/08/29 18:20,1030
2026/08/29 18:30,1028
2026/08/29 18:40,1028
2026/08/29 18:50,1028
2026/08/29 19:00,1027
2026/08/29 19:10,1026
2026/08/29 19:20,1025
2026/08/29 19:30,1023
2026/08/29 19:40,1023
2026/08/29 19:50,1022
2026/08/29 20:00,1021
2026/08/29 20:10,1021
2026/08/29 20:20,1020
2026/08/29 20:30,1020
2026/08/29 20:40,1019
2026/08/29 20:50,1018
2026/08/29 21:00,1018
2026/08/29 21:10,1016
2026/08/29 21:20,1014
2026/08/29 21:30,1014
2026/08/29 21:40,1012
2026/08/29 21:50,1011
2026/08/29 22:00,1010
2026/08/29 22:10,1010
2026/08/29 22:20,1010
2026/08/29 22:30,1008
2026/08/29 22:40,1007
2026/08/29 22:50,1006
2026/08/29 23:00,1006
2026/08/29 23:10,1003
2026/08/29 23:20,1002
2026/08/29 23:30,1002
2026/08/29 23:40,1001
2026/08/29 23:50,1001
2026/08/30 00:00,998
2026/08/30 00:10,997
2026/08/30 00:20,997
2026/08/30 00:30,997
2026/08/30 00:40,997
2026/08/30 00:50,996
2026/08/30 01:00,996
2026/08/30 01:10,996
2026/08/30 01:20,996
2026/08/30 01:30,996
2026/08/30 01:40,996
2026/08/30 01:50,996
2026/08/30 02:00,995
2026/08/30 02:10,995
2026/08/30 02:20,995
2026/08/30 02:30,995
2026/08/30 02:40,995
2026/08/30 02:50,995
2026/08/30 03:00,995
2026/08/30 03:10,995
2026/08/30 03:20,995
2026/08/30 03:30,994
2026/08/30 03:40,994
2026/08/30 03:50,994
2026/08/30 04:00,994
2026/08/30 04:10,994
2026/08/30 04:20,993
2026/08/30 04:30,992
2026/08/30 04:40,992
2026/08/30 04:50,992
2026/08/30 07:00,992
2026/08/30 07:10,992
2026/08/30 07:20,992
2026/08/30 07:30,992
2026/08/30 07:40,992
2026/08/30 07:50,992
2026/08/30 08:00,992
2026/08/30 08:10,992
2026/08/30 08:20,992
2026/08/30 08:30,992
2026/08/30 08:40,991
2026/08/30 08:50,991
2026/08/30 09:00,991
2026/08/30 09:10,991
2026/08/30 09:20,991
2026/08/30 09:30,990
2026/08/30 09:40,990
2026/08/30 09:50,989
2026/08/30 10:00,989
2026/08/30 10:10,989
2026/08/30 10:20,989
2026/08/30 10:30,989
2026/08/30 10:40,989
2026/08/30 10:50,988
2026/08/30 11:00,985
2026/08/30 11:10,983
2026/08/30 11:20,980
2026/08/30 11:30,978
2026/08/30 11:40,976
2026/08/30 11:50,976
2026/08/30 12:00,976
2026/08/30 12:10,976
2026/08/30 12:20,976
2026/08/30 12:30,976
2026/08/30 12:40,974
2026/08/30 12:50,973
2026/08/30 13:00,972
2026/08/30 13:10,971
2026/08/30 13:20,969
2026/08/30 13:30,967
2026/08/30 13:40,965
2026/08/30 13:50,963
2026/08/30 14:00,962
2026/08/30 14:10,960
2026/08/30 14:20,959
2026/08/30 14:30,957
2026/08/30 14:40,955
2026/08/30 14:50,952
2026/08/30 15:00,951
2026/08/30 15:10,951
2026/08/30 15:20,950
2026/08/30 15:30,948
2026/08/30 15:40,947
2026/08/30 15:50,944
2026/08/30 16:00,943
2026/08/30 16:10,942
2026/08/30 16:20,940
2026/08/30 16:30,939
2026/08/30 16:40,939
2026/08/30 16:50,937
2026/08/30 17:00,935
2026/08/30 17:10,933
2026/08/30 17:20,930
2026/08/30 17:30,929
2026/08/30 17:40,926
2026/08/30 17:50,925
2026/08/30 18:00,922
2026/08/30 18:10,920
2026/08/30 18:20,918
2026/08/30 18:30,917
2026/08/30 18:40,914
2026/08/30 18:50,913
2026/08/30 19:00,910
2026/08/30 19:10,910
2026/08/30 19:20,909
2026/08/30 19:30,909
2026/08/30 19:40,905
2026/08/30 19:50,904
2026/08/30 20:00,902
2026/08/30 20:10,902
2026/08/30 20:20,899
2026/08/30 20:30,898
2026/08/30 20:40,896
2026/08/30 20:50,893
2026/08/30 21:00,891
2026/08/30 21:10,889
2026/08/30 21:20,887
2026/08/30 21:30,887
2026/08/30 21:40,885
2026/08/30 21:50,885
2026/08/30 22:00,885
2026/08/30 22:10,885
2026/08/30 22:20,884
2026/08/30 22:30,883
2026/08/30 22:40,881
2026/08/30 22:50,880
2026/08/30 23:00,880
2026/08/30 23:10,879
2026/08/30 23:20,878
2026/08/30 23:30,878
2026/08/30 23:40,878
2026/08/30 23:50,877
2026/08/31 00:00,877
2026/08/31 00:10,877
2026/08/31 00:20,876
2026/08/31 00:30,875
2026/08/31 00:40,875
2026/08/31 00:50,875
2026/08/31 01:00,875
2026/08/31 01:10,875
2026/08/31 01:20,875
2026/08/31 01:30,875
2026/08/31 01:40,875
2026/08/31 01:50,875
2026/08/31 02:00,875
2026/08/31 02:10,875
2026/08/31 02:20,875
2026/08/31 02:30,875
2026/08/31 02:40,875
2026/08/31 02:50,875
2026/08/31 03:00,875
2026/08/31 03:10,875
2026/08/31 03:20,875
2026/08/31 03:30,874
2026/08/31 03:40,874
2026/08/31 03:50,874
2026/08/31 04:00,874
2026/08/31 04:10,874
2026/08/31 04:20,874
2026/08/31 04:30,874
2026/08/31 04:40,874
2026/08/31 04:50,874
2026/08/31 07:00,874
2026/08/31 07:10,874
2026/08/31 07:20,874
2026/08/31 07:30,874
2026/08/31 07:40,874
2026/08/31 07:50,874
2026/08/31 08:00,874
2026/08/31 08:10,874
2026/08/31 08:20,874
2026/08/31 08:30,874
2026/08/31 08:40,874
2026/08/31 08:50,874
2026/08/31 09:00,874
2026/08/31 09:10,874
2026/08/31 09:20,874
2026/08/31 09:30,874
2026/08/31 09:40,873
2026/08/31 09:50,873
2026/08/31 10:00,873
2026/08/31 10:10,873
2026/08/31 10:20,873
2026/08/31 10:30,873
2026/08/31 10:40,872
2026/08/31 10:50,871
2026/08/31 11:00,869
2026/08/31 11:10,869
2026/08/31 11:20,869
2026/08/31 11:30,869
2026/08/31 11:40,869
2026/08/31 11:50,868
2026/08/31 12:00,868
2026/08/31 12:10,868
2026/08/31 12:20,867
2026/08/31 12:30,867
2026/08/31 12:40,867
2026/08/31 12:50,867
2026/08/31 13:00,867
2026/08/31 13:10,867
2026/08/31 13:20,867
2026/08/31 13:30,866
2026/08/31 13:40,865
2026/08/31 13:50,865
2026/08/31 14:00,865
2026/08/31 14:10,865
2026/08/31 14:20,864
2026/08/31 14:30,864
2026/08/31 14:40,864
2026/08/31 14:50,863
2026/08/31 15:00,863
2026/08/31 15:10,863
2026/08/31 15:20,863
2026/08/31 15:30,863
2026/08/31 15:40,863
2026/08/31 15:50,862
2026/08/31 16:00,862
2026/08/31 16:10,861
2026/08/31 16:20,861
2026/08/31 16:30,861
2026/08/31 16:40,860
2026/08/31 16:50,860
2026/08/31 17:00,859
2026/08/31 17:10,859
2026/08/31 17:20,859
2026/08/31 17:30,859
2026/08/31 17:40,859
2026/08/31 17:50,859
2026/08/31 18:00,859
2026/08/31 18:10,858
2026/08/31 18:20,856
2026/08/31 18:30,856
2026/08/31 18:40,856
2026/08/31 18:50,855
2026/08/31 19:00,855
2026/08/31 19:10,855
2026/08/31 19:20,853
2026/08/31 19:30,853
2026/08/31 19:40,852
2026/08/31 19:50,850
2026/08/31 20:00,849
2026/08/31 20:10,848
2026/08/31 20:20,847
2026/08/31 20:30,847
2026/08/31 20:40,844
2026/08/31 20:50,842
2026/08/31 21:00,841
2026/08/31 21:10,839
2026/08/31 21:20,838
2026/08/31 21:30,836
2026/08/31 21:40,836
2026/08/31 21:50,836
2026/08/31 22:00,834
2026/08/31 22:10,834
2026/08/31 22:20,833
2026/08/31 22:30,833
2026/08/31 22:40,833
2026/08/31 22:50,833
2026/08/31 23:00,832
2026/08/31 23:10,832
2026/08/31 23:20,832
2026/08/31 23:30,831
2026/08/31 23:40,831
2026/08/31 23:50,831
2026/09/01 00:00,831
2026/09/01 00:10,831
2026/09/01 00:20,831
2026/09/01 00:30,831
2026/09/01 00:40,831
2026/09/01 00:50,831
2026/09/01 01:00,831
2026/09/01 01:10,831
2026/09/01 01:20,831
2026/09/01 01:30,831
2026/09/01 01:40,831
2026/09/01 01:50,831
2026/09/01 02:00,831
2026/09/01 02:10,830
2026/09/01 02:20,830
2026/09/01 02:30,830
2026/09/01 02:40,830
2026/09/01 02:50,830
2026/09/01 03:00,830
2026/09/01 03:10,830
2026/09/01 03:20,830
2026/09/01 03:30,830
2026/09/01 03:40,830
2026/09/01 03:50,830
2026/09/01 04:00,830
2026/09/01 04:10,830
2026/09/01 04:20,830
2026/09/01 04:30,830
2026/09/01 04:40,830
2026/09/01 04:50,830
2026/09/01 07:00,830
2026/09/01 07:10,830
2026/09/01 07:20,830
2026/09/01 07:30,830
2026/09/01 07:40,830
2026/09/01 07:50,830
2026/09/01 08:00,830
2026/09/01 08:10,830
2026/09/01 08:20,830
2026/09/01 08:30,830
2026/09/01 08:40,830
2026/09/01 08:50,830
2026/09/01 09:00,830
2026/09/01 09:10,830
2026/09/01 09:20,830
2026/09/01 09:30,830
2026/09/01 09:40,830
2026/09/01 09:50,830
2026/09/01 10:00,830
2026/09/01 10:10,830
2026/09/01 10:20,830
2026/09/01 10:30,830
2026/09/01 10:40,830
2026/09/01 10:50,830
2026/09/01 11:00,830
2026/09/01 11:10,829
2026/09/01 11:20,829
2026/09/01 11:30,828
2026/09/01 11:40,826
2026/09/01 11:50,825
2026/09/01 12:00,823
2026/09/01 12:10,823
2026/09/01 12:20,823
2026/09/01 12:30,823
2026/09/01 12:40,823
2026/09/01 12:50,823
2026/09/01 13:00,823
2026/09/01 13:10,823
2026/09/01 13:20,823
2026/09/01 13:30,822
2026/09/01 13:40,822
2026/09/01 13:50,822
2026/09/01 14:00,822
2026/09/01 14:10,822
2026/09/01 14:20,822
2026/09/01 14:30,822
2026/09/01 14:40,819
2026/09/01 14:50,818
2026/09/01 15:00,818
2026/09/01 15:10,816
2026/09/01 15:20,815
2026/09/01 15:30,815
2026/09/01 15:40,814
2026/09/01 15:50,813
2026/09/01 16:00,813
2026/09/01 16:10,813
2026/09/01 16:20,811
2026/09/01 16:30,809
2026/09/01 16:40,808
2026/09/01 16:50,808
2026/09/01 17:00,805
2026/09/01 17:10,804
2026/09/01 17:20,804
2026/09/01 17:30,804
2026/09/01 17:40,803
2026/09/01 17:50,803
2026/09/01 18:00,803
2026/09/01 18:10,803
2026/09/01 18:20,803
2026/09/01 18:30,801
2026/09/01 18:40,801
2026/09/01 18:50,801
2026/09/01 19:00,801
2026/09/01 19:10,801
2026/09/01 19:20,801
2026/09/01 19:30,798
2026/09/01 19:40,798
2026/09/01 19:50,798
2026/09/01 20:00,797
2026/09/01 20:10,797
2026/09/01 20:20,794
2026/09/01 20:30,793
2026/09/01 20:40,793
2026/09/01 20:50,791
2026/09/01 21:00,788
2026/09/01 21:10,788
2026/09/01 21:20,788
2026/09/01 21:30,788
2026/09/01 21:40,788
2026/09/01 21:50,788
2026/09/01 22:00,786
2026/09/01 22:10,786
2026/09/01 22:20,785
2026/09/01 22:30,784
2026/09/01 22:40,783
2026/09/01 22:50,783
2026/09/01 23:00,783
2026/09/01 23:10,783
2026/09/01 23:20,782
2026/09/01 23:30,781
2026/09/01 23:40,781
2026/09/01 23:50,780
2026/09/02 00:00,780
2026/09/02 00:10,780
2026/09/02 00:20,780
2026/09/02 00:30,780
2026/09/02 00:40,780
2026/09/02 00:50,780
2026/09/02 01:00,780
2026/09/02 01:10,780
2026/09/02 01:20,780
2026/09/02 01:30,779
2026/09/02 01:40,779
2026/09/02 01:50,779
2026/09/02 02:00,779
2026/09/02 02:10,779
2026/09/02 02:20,779
2026/09/02 02:30,779
2026/09/02 02:40,779
2026/09/02 02:50,779
2026/09/02 03:00,779
2026/09/02 03:10,779
2026/09/02 03:20,779
2026/09/02 03:30,779
2026/09/02 03:40,779
2026/09/02 03:50,779
2026/09/02 04:00,779
2026/09/02 04:10,779
2026/09/02 04:20,779
2026/09/02 04:30,779
2026/09/02 04:40,779
2026/09/02 04:50,779
2026/09/02 07:00,779
2026/09/02 07:10,779
2026/09/02 07:20,779
2026/09/02 07:30,779
2026/09/02 07:40,779
2026/09/02 07:50,779
2026/09/02 08:00,779
2026/09/02 08:10,779
2026/09/02 08:20,779
2026/09/02 08:30,779
2026/09/02 08:40,779
2026/09/02 08:50,779
2026/09/02 09:00,779
2026/09/02 09:10,779
2026/09/02 09:20,779
2026/09/02 09:30,779
2026/09/02 09:40,779
2026/09/02 09:50,779
2026/09/02 10:00,779
2026/09/02 10:10,779
2026/09/02 10:20,779
2026/09/02 10:30,779
2026/09/02 10:40,778
2026/09/02 10:50,777
2026/09/02 11:00,777
2026/09/02 11:10,777
2026/09/02 11:20,776
2026/09/02 11:30,776
2026/09/02 11:40,775
2026/09/02 11:50,774
2026/09/02 12:00,773
2026/09/02 12:10,773
2026/09/02 12:20,772
2026/09/02 12:30,771
2026/09/02 12:40,771
2026/09/02 12:50,770
2026/09/02 13:00,768
2026/09/02 13:10,767
2026/09/02 13:20,767
2026/09/02 13:30,766
2026/09/02 13:40,766
2026/09/02 13:50,766
2026/09/02 14:00,764
2026/09/02 14:10,764
2026/09/02 14:20,764
2026/09/02 14:30,763
2026/09/02 14:40,762
2026/09/02 14:50,762
2026/09/02 15:00,761
2026/09/02 15:10,759
2026/09/02 15:20,758
2026/09/02 15:30,757
2026/09/02 15:40,756
2026/09/02 15:50,756
2026/09/02 16:00,755
2026/09/02 16:10,755
2026/09/02 16:20,754
2026/09/02 16:30,753
2026/09/02 16:40,753
2026/09/02 16:50,753
2026/09/02 17:00,753
2026/09/02 17:10,753
2026/09/02 17:20,753
2026/09/02 17:30,752
2026/09/02 17:40,752
2026/09/02 17:50,752
2026/09/02 18:00,751
2026/09/02 18:10,751
2026/09/02 18:20,750
2026/09/02 18:30,750
2026/09/02 18:40,749
2026/09/02 18:50,749
2026/09/02 19:00,749
2026/09/02 19:10,748
2026/09/02 19:20,748
2026/09/02 19:30,745
2026/09/02 19:40,743
2026/09/02 19:50,742
2026/09/02 20:00,741
2026/09/02 20:10,741
2026/09/02 20:20,740
2026/09/02 20:30,738
2026/09/02 20:40,736
2026/09/02 20:50,735
2026/09/02 21:00,734
2026/09/02 21:10,734
2026/09/02 21:20,734
2026/09/02 21:30,732
2026/09/02 21:40,731
2026/09/02 21:50,731
2026/09/02 22:00,730
2026/09/02 22:10,730
2026/09/02 22:20,730
2026/09/02 22:30,730
2026/09/02 22:40,729
2026/09/02 22:50,729
2026/09/02 23:00,728
2026/09/02 23:10,728
2026/09/02 23:20,726
2026/09/02 23:30,726
2026/09/02 23:40,726
2026/09/02 23:50,726
2026/09/03 00:00,725
2026/09/03 00:10,725
2026/09/03 00:20,725
2026/09/03 00:30,725
2026/09/03 00:40,725
2026/09/03 00:50,725
2026/09/03 01:00,725
2026/09/03 01:10,725
2026/09/03 01:20,724
2026/09/03 01:30,724
2026/09/03 01:40,723
2026/09/03 01:50,723
2026/09/03 02:00,723
2026/09/03 02:10,723
2026/09/03 02:20,723
2026/09/03 02:30,722
2026/09/03 02:40,722
2026/09/03 02:50,722
2026/09/03 03:00,722
2026/09/03 03:10,722
2026/09/03 03:20,722
2026/09/03 03:30,722
2026/09/03 03:40,722
2026/09/03 03:50,722
2026/09/03 04:00,722
2026/09/03 04:10,722
2026/09/03 04:20,722
2026/09/03 04:30,722
2026/09/03 04:40,722
2026/09/03 04:50,722
2026/09/03 07:00,722
2026/09/03 07:10,722
2026/09/03 07:20,722
2026/09/03 07:30,722
2026/09/03 07:40,722
2026/09/03 07:50,722
2026/09/03 08:00,722
2026/09/03 08:10,722
2026/09/03 08:20,722
2026/09/03 08:30,722
2026/09/03 08:40,722
2026/09/03 08:50,722
2026/09/03 09:00,722
2026/09/03 09:10,722
2026/09/03 09:20,722
2026/09/03 09:30,722
2026/09/03 09:40,722
2026/09/03 09:50,722
2026/09/03 10:00,722
2026/09/03 10:10,722
2026/09/03 10:20,722
2026/09/03 10:30,722
2026/09/03 10:40,722
2026/09/03 10:50,722
2026/09/03 11:00,722
2026/09/03 11:10,722
2026/09/03 11:20,722
2026/09/03 11:30,722
2026/09/03 11:40,722
2026/09/03 11:50,721
2026/09/03 12:00,721
2026/09/03 12:10,721
2026/09/03 12:20,721
2026/09/03 12:30,721
2026/09/03 12:40,720
2026/09/03 12:50,719
2026/09/03 13:00,719
2026/09/03 13:10,719
2026/09/03 13:20,719
2026/09/03 13:30,719
2026/09/03 13:40,719
2026/09/03 13:50,719
2026/09/03 14:00,719
2026/09/03 14:10,719
2026/09/03 14:20,717
2026/09/03 14:30,717
2026/09/03 14:40,717
2026/09/03 14:50,717
2026/09/03 15:00,717
2026/09/03 15:10,717
2026/09/03 15:20,716
2026/09/03 15:30,716
2026/09/03 15:40,715
2026/09/03 15:50,715
2026/09/03 16:00,714
2026/09/03 16:10,713
2026/09/03 16:20,713
2026/09/03 16:30,713
2026/09/03 16:40,713
2026/09/03 16:50,709
2026/09/03 17:00,707
2026/09/03 17:10,707
2026/09/03 17:20,707
2026/09/03 17:30,707
2026/09/03 17:40,707
2026/09/03 17:50,707
2026/09/03 18:00,706
2026/09/03 18:10,703
2026/09/03 18:20,703
2026/09/03 18:30,700
2026/09/03 18:40,700
2026/09/03 18:50,699
2026/09/03 19:00,699
2026/09/03 19:10,698
2026/09/03 19:20,698
2026/09/03 19:30,698
2026/09/03 19:40,698
2026/09/03 19:50,695
2026/09/03 20:00,695
2026/09/03 20:10,693
2026/09/03 20:20,693
2026/09/03 20:30,693
2026/09/03 20:40,692
2026/09/03 20:50,692
2026/09/03 21:00,691
2026/09/03 21:10,691
2026/09/03 21:20,690
2026/09/03 21:30,687
2026/09/03 21:40,687
2026/09/03 21:50,686
2026/09/03 22:00,685
2026/09/03 22:10,685
2026/09/03 22:20,683
2026/09/03 22:30,683
2026/09/03 22:40,683
2026/09/03 22:50,683
2026/09/03 23:00,683
2026/09/03 23:10,683
2026/09/03 23:20,680
2026/09/03 23:30,680
2026/09/03 23:40,679
2026/09/03 23:50,679
2026/09/04 00:00,678
2026/09/04 00:10,676
2026/09/04 00:20,676
2026/09/04 00:30,675
2026/09/04 00:40,674
2026/09/04 00:50,674
2026/09/04 01:00,674
2026/09/04 01:10,674
2026/09/04 01:20,674
2026/09/04 01:30,674
2026/09/04 01:40,674
2026/09/04 01:50,674
2026/09/04 02:00,674
2026/09/04 02:10,674
2026/09/04 02:20,674
2026/09/04 02:30,674
2026/09/04 02:40,674
2026/09/04 02:50,674
2026/09/04 03:00,674
2026/09/04 03:10,674
2026/09/04 03:20,674
2026/09/04 03:30,674
2026/09/04 03:40,674
2026/09/04 03:50,674
2026/09/04 04:00,674
2026/09/04 04:10,674
2026/09/04 04:20,674
2026/09/04 04:30,674
2026/09/04 04:40,674
2026/09/04 04:50,674
2026/09/04 07:00,674
2026/09/04 07:10,674
2026/09/04 07:20,674
2026/09/04 07:30,674
2026/09/04 07:40,674
2026/09/04 07:50,674
2026/09/04 08:00,674
2026/09/04 08:10,674
2026/09/04 08:20,674
2026/09/04 08:30,674
2026/09/04 08:40,674
2026/09/04 08:50,673
2026/09/04 09:00,673
2026/09/04 09:10,673
2026/09/04 09:20,672
2026/09/04 09:30,672
2026/09/04 09:40,672
2026/09/04 09:50,672
2026/09/04 10:00,672
2026/09/04 10:10,672
2026/09/04 10:20,672
2026/09/04 10:30,672
2026/09/04 10:40,672
2026/09/04 10:50,672
2026/09/04 11:00,672
2026/09/04 11:10,672
2026/09/04 11:20,672
2026/09/04 11:30,672
2026/09/04 11:40,672
2026/09/04 11:50,672
2026/09/04 12:00,672
2026/09/04 12:10,672
2026/09/04 12:20,672
2026/09/04 12:30,672
2026/09/04 12:40,672
2026/09/04 12:50,671
2026/09/04 13:00,670
2026/09/04 13:10,670
2026/09/04 13:20,670
2026/09/04 13:30,670
2026/09/04 13:40,670
2026/09/04 13:50,668
2026/09/04 14:00,667
2026/09/04 14:10,667
2026/09/04 14:20,666
2026/09/04 14:30,665
2026/09/04 14:40,665
2026/09/04 14:50,665
2026/09/04 15:00,664
2026/09/04 15:10,663
2026/09/04 15:20,663
2026/09/04 15:30,662
2026/09/04 15:40,660
2026/09/04 15:50,657
2026/09/04 16:00,656
2026/09/04 16:10,655
2026/09/04 16:20,655
2026/09/04 16:30,655
2026/09/04 16:40,655
2026/09/04 16:50,655
2026/09/04 17:00,655
2026/09/04 17:10,655
2026/09/04 17:20,654
2026/09/04 17:30,654
2026/09/04 17:40,654
2026/09/04 17:50,653
2026/09/04 18:00,652
2026/09/04 18:10,651
2026/09/04 18:20,651
2026/09/04 18:30,650
2026/09/04 18:40,649
2026/09/04 18:50,648
2026/09/04 19:00,648
2026/09/04 19:10,648
2026/09/04 19:20,647
2026/09/04 19:30,647
2026/09/04 19:40,646
2026/09/04 19:50,642
2026/09/04 20:00,642
2026/09/04 20:10,641
2026/09/04 20:20,641
2026/09/04 20:30,641
2026/09/04 20:40,641
2026/09/04 20:50,641
2026/09/04 21:00,640
2026/09/04 21:10,638
2026/09/04 21:20,638
2026/09/04 21:30,638
2026/09/04 21:40,637
2026/09/04 21:50,637
2026/09/04 22:00,636
2026/09/04 22:10,636
2026/09/04 22:20,635
2026/09/04 22:30,634
2026/09/04 22:40,634
2026/09/04 22:50,634
2026/09/04 23:00,633
2026/09/04 23:10,633
2026/09/04 23:20,631
2026/09/04 23:30,631
2026/09/04 23:40,630
2026/09/04 23:50,629
2026/09/05 00:00,628
2026/09/05 00:10,627
2026/09/05 00:20,626
2026/09/05 00:30,626
2026/09/05 00:40,626
2026/09/05 00:50,625
2026/09/05 01:00,625
2026/09/05 01:10,625
2026/09/05 01:20,625
2026/09/05 01:30,625
2026/09/05 01:40,625
2026/09/05 01:50,625
2026/09/05 02:00,625
2026/09/05 02:10,625
2026/09/05 02:20,625
2026/09/05 02:30,625
2026/09/05 02:40,625
2026/09/05 02:50,625
2026/09/05 03:00,625
2026/09/05 03:10,625
2026/09/05 03:20,625
2026/09/05 03:30,625
2026/09/05 03:40,625
2026/09/05 03:50,625
2026/09/05 04:00,625
2026/09/05 04:10,625
2026/09/05 04:20,625
2026/09/05 04:30,625
2026/09/05 04:40,624
2026/09/05 04:50,624
2026/09/05 07:00,624
2026/09/05 07:10,624
2026/09/05 07:20,624
2026/09/05 07:30,624
2026/09/05 07:40,624
2026/09/05 07:50,624
2026/09/05 08:00,624
2026/09/05 08:10,624
2026/09/05 08:20,624
2026/09/05 08:30,624
2026/09/05 08:40,624
2026/09/05 08:50,624
2026/09/05 09:00,624
2026/09/05 09:10,624
2026/09/05 09:20,624
2026/09/05 09:30,624
2026/09/05 09:40,622
2026/09/05 09:50,622
2026/09/05 10:00,622
2026/09/05 10:10,622
2026/09/05 10:20,620
2026/09/05 10:30,619
2026/09/05 10:40,619
2026/09/05 10:50,619
2026/09/05 11:00,619
2026/09/05 11:10,617
2026/09/05 11:20,617
2026/09/05 11:30,617
2026/09/05 11:40,616
2026/09/05 11:50,616
2026/09/05 12:00,615
2026/09/05 12:10,615
2026/09/05 12:20,613
2026/09/05 12:30,613
2026/09/05 12:40,613
2026/09/05 12:50,613
2026/09/05 13:00,613
2026/09/05 13:10,613
2026/09/05 13:20,613
2026/09/05 13:30,613
2026/09/05 13:40,612
2026/09/05 13:50,611
2026/09/05 14:00,610
2026/09/05 14:10,610
2026/09/05 14:20,610
2026/09/05 14:30,608
2026/09/05 14:40,607
2026/09/05 14:50,606
2026/09/05 15:00,606
2026/09/05 15:10,605
2026/09/05 15:20,602
2026/09/05 15:30,602
2026/09/05 15:40,601
2026/09/05 15:50,601
2026/09/05 16:00,597
2026/09/05 16:10,596
2026/09/05 16:20,596
2026/09/05 16:30,595
2026/09/05 16:40,595
2026/09/05 16:50,593
2026/09/05 17:00,593
2026/09/05 17:10,593
2026/09/05 17:20,592
2026/09/05 17:30,590
2026/09/05 17:40,589
2026/09/05 17:50,589
2026/09/05 18:00,589
2026/09/05 18:10,589
2026/09/05 18:20,589
2026/09/05 18:30,588
2026/09/05 18:40,588
2026/09/05 18:50,586
2026/09/05 19:00,585
2026/09/05 19:10,584
2026/09/05 19:20,584
2026/09/05 19:30,584
2026/09/05 19:40,584
2026/09/05 19:50,583
2026/09/05 20:00,583
2026/09/05 20:10,583
2026/09/05 20:20,582
2026/09/05 20:30,582
2026/09/05 20:40,580
2026/09/05 20:50,579
2026/09/05 21:00,578
2026/09/05 21:10,578
2026/09/05 21:20,578
2026/09/05 21:30,577
2026/09/05 21:40,577
2026/09/05 21:50,576
2026/09/05 22:00,575
2026/09/05 22:10,575
2026/09/05 22:20,574
2026/09/05 22:30,574
2026/09/05 22:40,573
2026/09/05 22:50,572
2026/09/05 23:00,571
2026/09/05 23:10,570
2026/09/05 23:20,569
2026/09/05 23:30,569
2026/09/05 23:40,569
2026/09/05 23:50,569
2026/09/06 00:00,569
2026/09/06 00:10,568
2026/09/06 00:20,568
2026/09/06 00:30,568
2026/09/06 00:40,568
2026/09/06 00:50,568
2026/09/06 01:00,568
2026/09/06 01:10,568
2026/09/06 01:20,568
2026/09/06 01:30,568
2026/09/06 01:40,568
2026/09/06 01:50,568
2026/09/06 02:00,568
2026/09/06 02:10,568
2026/09/06 02:20,568
2026/09/06 02:30,568
2026/09/06 02:40,568
2026/09/06 02:50,568
2026/09/06 03:00,568
2026/09/06 03:10,568
2026/09/06 03:20,568
2026/09/06 03:30,568
2026/09/06 03:40,568
2026/09/06 03:50,568
2026/09/06 04:00,568
2026/09/06 04:10,568
2026/09/06 04:20,568
2026/09/06 04:30,568
2026/09/06 04:40,568
2026/09/06 04:50,568
2026/09/06 07:00,568
2026/09/06 07:10,568
2026/09/06 07:20,568
2026/09/06 07:30,568
2026/09/06 07:40,568
2026/09/06 07:50,568
2026/09/06 08:00,568
2026/09/06 08:10,568
2026/09/06 08:20,568
2026/09/06 08:30,567
2026/09/06 08:40,566
2026/09/06 08:50,566
2026/09/06 09:00,565
2026/09/06 09:10,565
2026/09/06 09:20,565
2026/09/06 09:30,565
2026/09/06 09:40,565
2026/09/06 09:50,565
2026/09/06 10:00,563
2026/09/06 10:10,563
2026/09/06 10:20,563
2026/09/06 10:30,563
2026/09/06 10:40,563
2026/09/06 10:50,563
2026/09/06 11:00,562
2026/09/06 11:10,562
2026/09/06 11:20,562
2026/09/06 11:30,562
2026/09/06 11:40,561
2026/09/06 11:50,559
2026/09/06 12:00,556
2026/09/06 12:10,556
2026/09/06 12:20,554
2026/09/06 12:30,553
2026/09/06 12:40,552
2026/09/06 12:50,551
2026/09/06 13:00,551
2026/09/06 13:10,551
2026/09/06 13:20,549
2026/09/06 13:30,548
2026/09/06 13:40,548
2026/09/06 13:50,547
2026/09/06 14:00,544
2026/09/06 14:10,544
2026/09/06 14:20,543
2026/09/06 14:30,543
2026/09/06 14:40,543
2026/09/06 14:50,540
2026/09/06 15:00,538
2026/09/06 15:10,538
2026/09/06 15:20,538
2026/09/06 15:30,538
2026/09/06 15:40,538
2026/09/06 15:50,536
2026/09/06 16:00,536
2026/09/06 16:10,536
2026/09/06 16:20,536
2026/09/06 16:30,536
2026/09/06 16:40,536
2026/09/06 16:50,534
2026/09/06 17:00,534
2026/09/06 17:10,534
2026/09/06 17:20,534
2026/09/06 17:30,534
2026/09/06 17:40,533
2026/09/06 17:50,533
2026/09/06 18:00,532
2026/09/06 18:10,532
2026/09/06 18:20,532
2026/09/06 18:30,531
2026/09/06 18:40,530
2026/09/06 18:50,529
2026/09/06 19:00,529
2026/09/06 19:10,528
2026/09/06 19:20,528
2026/09/06 19:30,526
2026/09/06 19:40,525
2026/09/06 19:50,523
2026/09/06 20:00,522
2026/09/06 20:10,522
2026/09/06 20:20,522
2026/09/06 20:30,521
2026/09/06 20:40,521
2026/09/06 20:50,521
2026/09/06 21:00,521
2026/09/06 21:10,521
2026/09/06 21:20,521
2026/09/06 21:30,521
2026/09/06 21:40,521
2026/09/06 21:50,521
2026/09/06 22:00,521
2026/09/06 22:10,521
2026/09/06 22:20,521
2026/09/06 22:30,520
2026/09/06 22:40,520
2026/09/06 22:50,520
2026/09/06 23:00,519
2026/09/06 23:10,518
2026/09/06 23:20,516
2026/09/06 23:30,515
2026/09/06 23:40,515
2026/09/06 23:50,515
2026/09/07 00:00,515
2026/09/07 00:10,515
2026/09/07 00:20,515
2026/09/07 00:30,515
2026/09/07 00:40,514
2026/09/07 00:50,514
2026/09/07 01:00,514
2026/09/07 01:10,514
2026/09/07 01:20,514
2026/09/07 01:30,514
2026/09/07 01:40,514
2026/09/07 01:50,514
2026/09/07 02:00,514
2026/09/07 02:10,514
2026/09/07 02:20,514
2026/09/07 02:30,514
2026/09/07 02:40,514
2026/09/07 02:50,514
2026/09/07 03:00,514
2026/09/07 03:10,514
2026/09/07 03:20,514
2026/09/07 03:30,514
2026/09/07 03:40,514
2026/09/07 03:50,514
2026/09/07 04:00,514
2026/09/07 04:10,514
2026/09/07 04:20,514
2026/09/07 04:30,514
2026/09/07 04:40,514
2026/09/07 04:50,514
2026/09/07 07:00,514
2026/09/07 07:10,514
2026/09/07 07:20,514
2026/09/07 07:30,514
2026/09/07 07:40,514
2026/09/07 07:50,514
2026/09/07 08:00,514
2026/09/07 08:10,514
2026/09/07 08:20,514
2026/09/07 08:30,514
2026/09/07 08:40,514
2026/09/07 08:50,514
2026/09/07 09:00,514
2026/09/07 09:10,514
2026/09/07 09:20,514
2026/09/07 09:30,514
2026/09/07 09:40,514
2026/09/07 09:50,514
2026/09/07 10:00,514
2026/09/07 10:10,514
2026/09/07 10:20,514
2026/09/07 10:30,514
2026/09/07 10:40,514
2026/09/07 10:50,514
2026/09/07 11:00,514
2026/09/07 11:10,513
2026/09/07 11:20,513
2026/09/07 11:30,513
2026/09/07 11:40,513
2026/09/07 11:50,513
2026/09/07 12:00,511
2026/09/07 12:10,511
2026/09/07 12:20,511
2026/09/07 12:30,510
2026/09/07 12:40,510
2026/09/07 12:50,510
2026/09/07 13:00,510
2026/09/07 13:10,509
2026/09/07 13:20,508
2026/09/07 13:30,508
2026/09/07 13:40,507
2026/09/07 13:50,507
2026/09/07 14:00,507
2026/09/07 14:10,506
2026/09/07 14:20,506
2026/09/07 14:30,506
2026/09/07 14:40,505
2026/09/07 14:50,505
2026/09/07 15:00,504
2026/09/07 15:10,504
2026/09/07 15:20,504
2026/09/07 15:30,504
2026/09/07 15:40,504
2026/09/07 15:50,504
2026/09/07 16:00,503
2026/09/07 16:10,502
2026/09/07 16:20,502
2026/09/07 16:30,501
2026/09/07 16:40,501
2026/09/07 16:50,501
2026/09/07 17:00,500
2026/09/07 17:10,500
2026/09/07 17:20,500
2026/09/07 17:30,497
2026/09/07 17:40,497
2026/09/07 17:50,497
2026/09/07 18:00,497
2026/09/07 18:10,497
2026/09/07 18:20,496
2026/09/07 18:30,496
2026/09/07 18:40,496
2026/09/07 18:50,496
2026/09/07 19:00,496
2026/09/07 19:10,496
2026/09/07 19:20,495
2026/09/07 19:30,495
2026/09/07 19:40,493
2026/09/07 19:50,492
2026/09/07 20:00,491
2026/09/07 20:10,490
2026/09/07 20:20,488
2026/09/07 20:30,486
2026/09/07 20:40,486
2026/09/07 20:50,485
2026/09/07 21:00,483
2026/09/07 21:10,482
2026/09/07 21:20,482
2026/09/07 21:30,482
2026/09/07 21:40,482
2026/09/07 21:50,482
2026/09/07 22:00,482
2026/09/07 22:10,482
2026/09/07 22:20,481
2026/09/07 22:30,479
2026/09/07 22:40,478
2026/09/07 22:50,478
2026/09/07 23:00,478
2026/09/07 23:10,478
2026/09/07 23:20,478
2026/09/07 23:30,477
2026/09/07 23:40,477
2026/09/07 23:50,477
2026/09/08 00:00,476
2026/09/08 00:10,476
2026/09/08 00:20,476
2026/09/08 00:30,476
2026/09/08 00:40,476
2026/09/08 00:50,476
2026/09/08 01:00,476
2026/09/08 01:10,476
2026/09/08 01:20,476
2026/09/08 01:30,476
2026/09/08 01:40,476
2026/09/08 01:50,476
2026/09/08 02:00,476
2026/09/08 02:10,476
2026/09/08 02:20,476
2026/09/08 02:30,476
2026/09/08 02:40,476
2026/09/08 02:50,476
2026/09/08 03:00,476
2026/09/08 03:10,476
2026/09/08 03:20,476
2026/09/08 03:30,476
2026/09/08 03:40,476
2026/09/08 03:50,476
2026/09/08 04:00,476
2026/09/08 04:10,476
2026/09/08 04:20,476
2026/09/08 04:30,476
2026/09/08 04:40,476
2026/09/08 04:50,476
2026/09/08 07:00,476
2026/09/08 07:10,476
2026/09/08 07:20,475
2026/09/08 07:30,475
2026/09/08 07:40,475
2026/09/08 07:50,475
2026/09/08 08:00,475
2026/09/08 08:10,475
2026/09/08 08:20,475
2026/09/08 08:30,475
2026/09/08 08:40,475
2026/09/08 08:50,475
2026/09/08 09:00,475
2026/09/08 09:10,475
2026/09/08 09:20,475
2026/09/08 09:30,475
2026/09/08 09:40,475
2026/09/08 09:50,475
2026/09/08 10:00,475
2026/09/08 10:10,475
2026/09/08 10:20,475
2026/09/08 10:30,475
2026/09/08 10:40,475
2026/09/08 10:50,475
2026/09/08 11:00,475
2026/09/08 11:10,475
2026/09/08 11:20,475
2026/09/08 11:30,475
2026/09/08 11:40,475
2026/09/08 11:50,475
2026/09/08 12:00,475
2026/09/08 12:10,475
2026/09/08 12:20,474
2026/09/08 12:30,474
2026/09/08 12:40,473
2026/09/08 12:50,473
2026/09/08 13:00,473
2026/09/08 13:10,473
2026/09/08 13:20,473
2026/09/08 13:30,472
2026/09/08 13:40,472
2026/09/08 13:50,471
2026/09/08 14:00,471
2026/09/08 14:10,471
2026/09/08 14:20,471
2026/09/08 14:30,471
2026/09/08 14:40,471
2026/09/08 14:50,471
2026/09/08 15:00,470
2026/09/08 15:10,470
2026/09/08 15:20,469
2026/09/08 15:30,469
2026/09/08 15:40,469
2026/09/08 15:50,469
2026/09/08 16:00,469
2026/09/08 16:10,469
2026/09/08 16:20,469
2026/09/08 16:30,467
2026/09/08 16:40,466
2026/09/08 16:50,466
2026/09/08 17:00,466
2026/09/08 17:10,465
2026/09/08 17:20,464
2026/09/08 17:30,464
2026/09/08 17:40,464
2026/09/08 17:50,464
2026/09/08 18:00,464
2026/09/08 18:10,464
2026/09/08 18:20,464
2026/09/08 18:30,463
2026/09/08 18:40,462
2026/09/08 18:50,462
2026/09/08 19:00,461
2026/09/08 19:10,459
2026/09/08 19:20,459
2026/09/08 19:30,459
2026/09/08 19:40,459
2026/09/08 19:50,459
2026/09/08 20:00,459
2026/09/08 20:10,458
2026/09/08 20:20,458
2026/09/08 20:30,458
2026/09/08 20:40,456
2026/09/08 20:50,456
2026/09/08 21:00,456
2026/09/08 21:10,456
2026/09/08 21:20,456
2026/09/08 21:30,456
2026/09/08 21:40,456
2026/09/08 21:50,455
2026/09/08 22:00,455
2026/09/08 22:10,455
2026/09/08 22:20,455
2026/09/08 22:30,455
2026/09/08 22:40,455
2026/09/08 22:50,455
2026/09/08 23:00,455
2026/09/08 23:10,455
2026/09/08 23:20,455
2026/09/08 23:30,455
2026/09/08 23:40,454
2026/09/08 23:50,454
2026/09/09 00:00,454
2026/09/09 00:10,454
2026/09/09 00:20,454
2026/09/09 00:30,454
2026/09/09 00:40,454
2026/09/09 00:50,454
2026/09/09 01:00,454
2026/09/09 01:10,453
2026/09/09 01:20,453
2026/09/09 01:30,453
2026/09/09 01:40,453
2026/09/09 01:50,453
2026/09/09 02:00,453
2026/09/09 02:10,453
2026/09/09 02:20,453
2026/09/09 02:30,453
2026/09/09 02:40,453
2026/09/09 02:50,453
2026/09/09 03:00,453
2026/09/09 03:10,453
2026/09/09 03:20,453
2026/09/09 03:30,453
2026/09/09 03:40,453
2026/09/09 03:50,453
2026/09/09 04:00,453
2026/09/09 04:10,453
2026/09/09 04:20,453
2026/09/09 04:30,453
2026/09/09 04:40,453
2026/09/09 04:50,453
2026/09/09 07:00,453
2026/09/09 07:10,453
2026/09/09 07:20,453
2026/09/09 07:30,453
2026/09/09 07:40,453
2026/09/09 07:50,453
2026/09/09 08:00,453
2026/09/09 08:10,453
2026/09/09 08:20,453
2026/09/09 08:30,453
2026/09/09 08:40,453
2026/09/09 08:50,453
2026/09/09 09:00,453
2026/09/09 09:10,453
2026/09/09 09:20,453
2026/09/09 09:30,453
2026/09/09 09:40,453
2026/09/09 09:50,453
2026/09/09 10:00,453
2026/09/09 10:10,453
2026/09/09 10:20,453
2026/09/09 10:30,453
2026/09/09 10:40,453
2026/09/09 10:50,452
2026/09/09 11:00,452
2026/09/09 11:10,452
2026/09/09 11:20,452
2026/09/09 11:30,452
2026/09/09 11:40,452
2026/09/09 11:50,452
2026/09/09 12:00,451
2026/09/09 12:10,451
2026/09/09 12:20,450
2026/09/09 12:30,450
2026/09/09 12:40,450
2026/09/09 12:50,450
2026/09/09 13:00,450
2026/09/09 13:10,449
2026/09/09 13:20,449
2026/09/09 13:30,449
2026/09/09 13:40,449
2026/09/09 13:50,448
2026/09/09 14:00,448
2026/09/09 14:10,448
2026/09/09 14:20,448
2026/09/09 14:30,448
2026/09/09 14:40,448
2026/09/09 14:50,448
2026/09/09 15:00,448
2026/09/09 15:10,448
2026/09/09 15:20,447
2026/09/09 15:30,447
2026/09/09 15:40,447
2026/09/09 15:50,447
2026/09/09 16:00,447
2026/09/09 16:10,447
2026/09/09 16:20,447
2026/09/09 16:30,447
2026/09/09 16:40,447
2026/09/09 16:50,447
2026/09/09 17:00,447
2026/09/09 17:10,446
2026/09/09 17:20,446
2026/09/09 17:30,446
2026/09/09 17:40,446
2026/09/09 17:50,446
2026/09/09 18:00,446
2026/09/09 18:10,445
2026/09/09 18:20,445
2026/09/09 18:30,445
2026/09/09 18:40,443
2026/09/09 18:50,443
2026/09/09 19:00,443
2026/09/09 19:10,442
2026/09/09 19:20,441
2026/09/09 19:30,441
2026/09/09 19:40,441
2026/09/09 19:50,440
2026/09/09 20:00,440
2026/09/09 20:10,440
2026/09/09 20:20,440
2026/09/09 20:30,438
2026/09/09 20:40,437
2026/09/09 20:50,437
2026/09/09 21:00,437
2026/09/09 21:10,435
2026/09/09 21:20,435
2026/09/09 21:30,435
2026/09/09 21:40,435
2026/09/09 21:50,435
2026/09/09 22:00,435
2026/09/09 22:10,435
2026/09/09 22:20,435
2026/09/09 22:30,435
2026/09/09 22:40,435
2026/09/09 22:50,435
2026/09/09 23:00,435
2026/09/09 23:10,435
2026/09/09 23:20,435
2026/09/09 23:30,434
2026/09/09 23:40,434
2026/09/09 23:50,434
2026/09/10 00:00,434
2026/09/10 00:10,433
2026/09/10 00:20,433
2026/09/10 00:30,433
2026/09/10 00:40,433
2026/09/10 00:50,433
2026/09/10 01:00,433
2026/09/10 01:10,433
2026/09/10 01:20,433
2026/09/10 01:30,433
2026/09/10 01:40,433
2026/09/10 01:50,433
2026/09/10 02:00,433
2026/09/10 02:10,433
2026/09/10 02:20,433
2026/09/10 02:30,433
2026/09/10 02:40,433
2026/09/10 02:50,433
2026/09/10 03:00,433
2026/09/10 03:10,433
2026/09/10 03:20,433
2026/09/10 03:30,433
2026/09/10 03:40,433
2026/09/10 03:50,433
2026/09/10 04:00,433
2026/09/10 04:10,433
2026/09/10 04:20,433
2026/09/10 04:30,433
2026/09/10 04:40,433
2026/09/10 04:50,433
2026/09/10 07:00,433
2026/09/10 07:10,433
2026/09/10 07:20,433
2026/09/10 07:30,433
2026/09/10 07:40,433
2026/09/10 07:50,433
2026/09/10 08:00,433
2026/09/10 08:10,433
2026/09/10 08:20,433
2026/09/10 08:30,433
2026/09/10 08:40,433
2026/09/10 08:50,433
2026/09/10 09:00,433
2026/09/10 09:10,433
2026/09/10 09:20,433
2026/09/10 09:30,433
2026/09/10 09:40,433
2026/09/10 09:50,433
2026/09/10 10:00,433
2026/09/10 10:10,433
2026/09/10 10:20,433
2026/09/10 10:30,433
2026/09/10 10:40,433
2026/09/10 10:50,433
2026/09/10 11:00,432
2026/09/10 11:10,432
2026/09/10 11:20,432
2026/09/10 11:30,432
2026/09/10 11:40,431
2026/09/10 11:50,431
2026/09/10 12:00,431
2026/09/10 12:10,431
2026/09/10 12:20,431
2026/09/10 12:30,431
2026/09/10 12:40,431
2026/09/10 12:50,430
2026/09/10 13:00,430
2026/09/10 13:10,429
2026/09/10 13:20,428
2026/09/10 13:30,427
2026/09/10 13:40,427
2026/09/10 13:50,427
2026/09/10 14:00,427
2026/09/10 14:10,427
2026/09/10 14:20,427
2026/09/10 14:30,426
2026/09/10 14:40,426
2026/09/10 14:50,426
2026/09/10 15:00,426
2026/09/10 15:10,426
2026/09/10 15:20,426
2026/09/10 15:30,426
2026/09/10 15:40,426
2026/09/10 15:50,426
2026/09/10 16:00,425
2026/09/10 16:10,425
2026/09/10 16:20,425
2026/09/10 16:30,425
2026/09/10 16:40,425
2026/09/10 16:50,425
2026/09/10 17:00,425
2026/09/10 17:10,425
2026/09/10 17:20,424
2026/09/10 17:30,423
2026/09/10 17:40,423
2026/09/10 17:50,423
2026/09/10 18:00,423
2026/09/10 18:10,423
2026/09/10 18:20,421
2026/09/10 18:30,421
2026/09/10 18:40,421
2026/09/10 18:50,421
2026/09/10 19:00,420
2026/09/10 19:10,420
2026/09/10 19:20,420
2026/09/10 19:30,419
2026/09/10 19:40,419
2026/09/10 19:50,419
2026/09/10 20:00,419
2026/09/10 20:10,418
2026/09/10 20:20,418
2026/09/10 20:30,418
2026/09/10 20:40,418
2026/09/10 20:50,418
2026/09/10 21:00,418
2026/09/10 21:10,418
2026/09/10 21:20,418
2026/09/10 21:30,416
2026/09/10 21:40,415
2026/09/10 21:50,415
2026/09/10 22:00,414
2026/09/10 22:10,414
2026/09/10 22:20,414
2026/09/10 22:30,413
2026/09/10 22:40,413
2026/09/10 22:50,412
2026/09/10 23:00,411
2026/09/10 23:10,411
2026/09/10 23:20,411
2026/09/10 23:30,410
2026/09/10 23:40,409
2026/09/10 23:50,409
2026/09/11 00:00,409
2026/09/11 00:10,409
2026/09/11 00:20,409
2026/09/11 00:30,409
2026/09/11 00:40,409
2026/09/11 00:50,409
2026/09/11 01:00,409
2026/09/11 01:10,409
2026/09/11 01:20,409
2026/09/11 01:30,409
2026/09/11 01:40,408
2026/09/11 01:50,408
2026/09/11 02:00,407
2026/09/11 02:10,407
2026/09/11 02:20,407
2026/09/11 02:30,407
2026/09/11 02:40,407
2026/09/11 02:50,407
2026/09/11 03:00,407
2026/09/11 03:10,407
2026/09/11 03:20,407
2026/09/11 03:30,407
2026/09/11 03:40,407
2026/09/11 03:50,407
2026/09/11 04:00,407
2026/09/11 04:10,407
2026/09/11 04:20,407
2026/09/11 04:30,407
2026/09/11 04:40,407
2026/09/11 04:50,407
2026/09/11 07:00,407
2026/09/11 07:10,407
2026/09/11 07:20,407
2026/09/11 07:30,407
2026/09/11 07:40,407
2026/09/11 07:50,407
2026/09/11 08:00,407
2026/09/11 08:10,407
2026/09/11 08:20,407
2026/09/11 08:30,407
2026/09/11 08:40,407
2026/09/11 08:50,406
2026/09/11 09:00,406
2026/09/11 09:10,406
2026/09/11 09:20,406
2026/09/11 09:30,406
2026/09/11 09:40,406
2026/09/11 09:50,406
2026/09/11 10:00,406
2026/09/11 10:10,406
2026/09/11 10:20,406
2026/09/11 10:30,406
2026/09/11 10:40,406
2026/09/11 10:50,406
2026/09/11 11:00,406
2026/09/11 11:10,406
2026/09/11 11:20,405
2026/09/11 11:30,405
2026/09/11 11:40,405
2026/09/11 11:50,405
2026/09/11 12:00,405
2026/09/11 12:10,405
2026/09/11 12:20,405
2026/09/11 12:30,405
2026/09/11 12:40,405
2026/09/11 12:50,405
2026/09/11 13:00,405
2026/09/11 13:10,405
2026/09/11 13:20,405
2026/09/11 13:30,405
2026/09/11 13:40,405
2026/09/11 13:50,405
2026/09/11 14:00,405
2026/09/11 14:10,405
2026/09/11 14:20,405
2026/09/11 14:30,405
2026/09/11 14:40,404
2026/09/11 14:50,404
2026/09/11 15:00,404
2026/09/11 15:10,404
2026/09/11 15:20,404
2026/09/11 15:30,404
2026/09/11 15:40,404
2026/09/11 15:50,404
2026/09/11 16:00,404
2026/09/11 16:10,404
2026/09/11 16:20,402
2026/09/11 16:30,402
2026/09/11 16:40,402
2026/09/11 16:50,402
2026/09/11 17:00,401
2026/09/11 17:10,401
2026/09/11 17:20,399
2026/09/11 17:30,399
2026/09/11 17:40,399
2026/09/11 17:50,399
2026/09/11 18:00,398
2026/09/11 18:10,398
2026/09/11 18:20,397
2026/09/11 18:30,397
2026/09/11 18:40,397
2026/09/11 18:50,397
2026/09/11 19:00,397
2026/09/11 19:10,397
2026/09/11 19:20,396
2026/09/11 19:30,396
2026/09/11 19:40,396
2026/09/11 19:50,395
2026/09/11 20:00,393
2026/09/11 20:10,393
2026/09/11 20:20,393
2026/09/11 20:30,393
2026/09/11 20:40,390
2026/09/11 20:50,390
2026/09/11 21:00,390
2026/09/11 21:10,390
2026/09/11 21:20,390
2026/09/11 21:30,389
2026/09/11 21:40,389
2026/09/11 21:50,389
2026/09/11 22:00,389
2026/09/11 22:10,389
2026/09/11 22:20,388
2026/09/11 22:30,388
2026/09/11 22:40,388
2026/09/11 22:50,388
2026/09/11 23:00,388
2026/09/11 23:10,388
2026/09/11 23:20,388
2026/09/11 23:30,388
2026/09/11 23:40,387
2026/09/11 23:50,386
2026/09/12 00:00,385
2026/09/12 00:10,385
2026/09/12 00:20,385
2026/09/12 00:30,385
2026/09/12 00:40,385
2026/09/12 00:50,385
2026/09/12 01:00,385
2026/09/12 01:10,385
2026/09/12 01:20,385
2026/09/12 01:30,385
2026/09/12 01:40,384
2026/09/12 01:50,384
2026/09/12 02:00,384
2026/09/12 02:10,384
2026/09/12 02:20,384
2026/09/12 02:30,384
2026/09/12 02:40,384
2026/09/12 02:50,384
2026/09/12 03:00,384
2026/09/12 03:10,384
2026/09/12 03:20,384
2026/09/12 03:30,384
2026/09/12 03:40,384
2026/09/12 03:50,384
2026/09/12 04:00,384
2026/09/12 04:10,384
2026/09/12 04:20,384
2026/09/12 04:30,384
2026/09/12 04:40,384
2026/09/12 04:50,384
2026/09/12 07:00,384
2026/09/12 07:10,384
2026/09/12 07:20,384
2026/09/12 07:30,384
2026/09/12 07:40,384
2026/09/12 07:50,384
2026/09/12 08:00,384
2026/09/12 08:10,384
2026/09/12 08:20,384
2026/09/12 08:30,384
2026/09/12 08:40,384
2026/09/12 08:50,384
2026/09/12 09:00,383
2026/09/12 09:10,383
2026/09/12 09:20,383
2026/09/12 09:30,383
2026/09/12 09:40,383
2026/09/12 09:50,383
2026/09/12 10:00,382
2026/09/12 10:10,381
2026/09/12 10:20,381
2026/09/12 10:30,381
2026/09/12 10:40,381
2026/09/12 10:50,381
2026/09/12 11:00,381
2026/09/12 11:10,381
2026/09/12 11:20,380
2026/09/12 11:30,380
2026/09/12 11:40,380
2026/09/12 11:50,380
2026/09/12 12:00,380
2026/09/12 12:10,380
2026/09/12 12:20,379
2026/09/12 12:30,378
2026/09/12 12:40,378
2026/09/12 12:50,377
2026/09/12 13:00,377
2026/09/12 13:10,377
2026/09/12 13:20,377
2026/09/12 13:30,377
2026/09/12 13:40,376
2026/09/12 13:50,374
2026/09/12 14:00,374
2026/09/12 14:10,374
2026/09/12 14:20,374
2026/09/12 14:30,374
2026/09/12 14:40,373
2026/09/12 14:50,373
2026/09/12 15:00,373
2026/09/12 15:10,373
2026/09/12 15:20,373
2026/09/12 15:30,371
2026/09/12 15:40,370
2026/09/12 15:50,369
2026/09/12 16:00,369
2026/09/12 16:10,368
2026/09/12 16:20,367
2026/09/12 16:30,367
2026/09/12 16:40,367
2026/09/12 16:50,367
2026/09/12 17:00,367
2026/09/12 17:10,367
2026/09/12 17:20,367
2026/09/12 17:30,365
2026/09/12 17:40,365
2026/09/12 17:50,365
2026/09/12 18:00,365
2026/09/12 18:10,365
2026/09/12 18:20,365
2026/09/12 18:30,365
2026/09/12 18:40,365
2026/09/12 18:50,365
2026/09/12 19:00,365
2026/09/12 19:10,365
2026/09/12 19:20,365
2026/09/12 19:30,364
2026/09/12 19:40,363
2026/09/12 19:50,363
2026/09/12 20:00,363
2026/09/12 20:10,363
2026/09/12 20:20,363
2026/09/12 20:30,363
2026/09/12 20:40,363
2026/09/12 20:50,362
2026/09/12 21:00,362
2026/09/12 21:10,361
2026/09/12 21:20,361
2026/09/12 21:30,360
2026/09/12 21:40,360
2026/09/12 21:50,360
2026/09/12 22:00,359
2026/09/12 22:10,359
2026/09/12 22:20,359
2026/09/12 22:30,359
2026/09/12 22:40,359
2026/09/12 22:50,359
2026/09/12 23:00,359
2026/09/12 23:10,359
2026/09/12 23:20,359
2026/09/12 23:30,358
2026/09/12 23:40,358
2026/09/12 23:50,358
2026/09/13 00:00,357
2026/09/13 00:10,357
2026/09/13 00:20,357
2026/09/13 00:30,357
2026/09/13 00:40,357
2026/09/13 00:50,357
2026/09/13 01:00,357
2026/09/13 01:10,357
2026/09/13 01:20,357
2026/09/13 01:30,357
2026/09/13 01:40,357
2026/09/13 01:50,357
2026/09/13 02:00,357
2026/09/13 02:10,357
2026/09/13 02:20,357
2026/09/13 02:30,357
2026/09/13 02:40,357
2026/09/13 02:50,357
2026/09/13 03:00,357
2026/09/13 03:10,357
2026/09/13 03:20,357
2026/09/13 03:30,357
2026/09/13 03:40,357
2026/09/13 03:50,357
2026/09/13 04:00,357
2026/09/13 04:10,357
2026/09/13 04:20,357
2026/09/13 04:30,357
2026/09/13 04:40,357
2026/09/13 04:50,357
2026/09/13 07:00,357
2026/09/13 07:10,357
2026/09/13 07:20,357
2026/09/13 07:30,357
2026/09/13 07:40,357
2026/09/13 07:50,357
2026/09/13 08:00,357
2026/09/13 08:10,356
2026/09/13 08:20,356
2026/09/13 08:30,356
2026/09/13 08:40,356
2026/09/13 08:50,356
2026/09/13 09:00,356
2026/09/13 09:10,355
2026/09/13 09:20,355
2026/09/13 09:30,355
2026/09/13 09:40,355
2026/09/13 09:50,354
2026/09/13 10:00,354
2026/09/13 10:10,354
2026/09/13 10:20,354
2026/09/13 10:30,354
2026/09/13 10:40,354
2026/09/13 10:50,354
2026/09/13 11:00,354
2026/09/13 11:10,354
2026/09/13 11:20,353
2026/09/13 11:30,353
2026/09/13 11:40,353
2026/09/13 11:50,353
2026/09/13 12:00,352
2026/09/13 12:10,352
2026/09/13 12:20,351
2026/09/13 12:30,351
2026/09/13 12:40,349
2026/09/13 12:50,349
2026/09/13 13:00,349
2026/09/13 13:10,348
2026/09/13 13:20,348
2026/09/13 13:30,348
2026/09/13 13:40,347
2026/09/13 13:50,346
2026/09/13 14:00,346
2026/09/13 14:10,346
2026/09/13 14:20,346
2026/09/13 14:30,346
2026/09/13 14:40,345
2026/09/13 14:50,344
2026/09/13 15:00,344
2026/09/13 15:10,343
2026/09/13 15:20,343
2026/09/13 15:30,343
2026/09/13 15:40,343
2026/09/13 15:50,343
2026/09/13 16:00,343
2026/09/13 16:10,343
2026/09/13 16:20,343
2026/09/13 16:30,342
2026/09/13 16:40,342
2026/09/13 16:50,342
2026/09/13 17:00,342
2026/09/13 17:10,342
2026/09/13 17:20,341
2026/09/13 17:30,341
2026/09/13 17:40,340
2026/09/13 17:50,340
2026/09/13 18:00,340
2026/09/13 18:10,339
2026/09/13 18:20,339
2026/09/13 18:30,339
2026/09/13 18:40,339
2026/09/13 18:50,339
2026/09/13 19:00,339
2026/09/13 19:10,339
2026/09/13 19:20,338
2026/09/13 19:30,338
2026/09/13 19:40,338
2026/09/13 19:50,338
2026/09/13 20:00,338
2026/09/13 20:10,337
2026/09/13 20:20,336
2026/09/13 20:30,336
2026/09/13 20:40,336
2026/09/13 20:50,336
2026/09/13 21:00,336
2026/09/13 21:10,336
2026/09/13 21:20,336
2026/09/13 21:30,336
2026/09/13 21:40,336
2026/09/13 21:50,335
2026/09/13 22:00,333
2026/09/13 22:10,332
2026/09/13 22:20,332
2026/09/13 22:30,332
2026/09/13 22:40,331
2026/09/13 22:50,330
2026/09/13 23:00,329
2026/09/13 23:10,329
2026/09/13 23:20,329
2026/09/13 23:30,329
2026/09/13 23:40,329
2026/09/13 23:50,329
2026/09/14 00:00,329
2026/09/14 00:10,329
2026/09/14 00:20,329
2026/09/14 00:30,329
2026/09/14 00:40,329
2026/09/14 00:50,329
2026/09/14 01:00,329
2026/09/14 01:10,329
2026/09/14 01:20,329
2026/09/14 01:30,329
2026/09/14 01:40,329
2026/09/14 01:50,329
2026/09/14 02:00,329
2026/09/14 02:10,329
2026/09/14 02:20,329
2026/09/14 02:30,329
2026/09/14 02:40,329
2026/09/14 02:50,329
2026/09/14 03:00,329
2026/09/14 03:10,329
2026/09/14 03:20,329
2026/09/14 03:30,329
2026/09/14 03:40,329
2026/09/14 03:50,329
2026/09/14 04:00,329
2026/09/14 04:10,329
2026/09/14 04:20,329
2026/09/14 04:30,329
2026/09/14 04:40,329
2026/09/14 04:50,329
2026/09/14 07:00,329
2026/09/14 07:10,329
2026/09/14 07:20,329
2026/09/14 07:30,329
2026/09/14 07:40,329
2026/09/14 07:50,329
2026/09/14 08:00,329
2026/09/14 08:10,329
2026/09/14 08:20,329
2026/09/14 08:30,329
2026/09/14 08:40,329
2026/09/14 08:50,329
2026/09/14 09:00,329
2026/09/14 09:10,329
2026/09/14 09:20,329
2026/09/14 09:30,329
2026/09/14 09:40,329
2026/09/14 09:50,328
2026/09/14 10:00,328
2026/09/14 10:10,328
2026/09/14 10:20,328
2026/09/14 10:30,328
2026/09/14 10:40,328
2026/09/14 10:50,328
2026/09/14 11:00,328
2026/09/14 11:10,328
2026/09/14 11:20,328
2026/09/14 11:30,328
2026/09/14 11:40,328
2026/09/14 11:50,328
2026/09/14 12:00,328
2026/09/14 12:10,328
2026/09/14 12:20,328
2026/09/14 12:30,328
2026/09/14 12:40,327
2026/09/14 12:50,326
2026/09/14 13:00,325
2026/09/14 13:10,325
2026/09/14 13:20,325
2026/09/14 13:30,325
2026/09/14 13:40,325
2026/09/14 13:50,325
2026/09/14 14:00,325
2026/09/14 14:10,325
2026/09/14 14:20,325
2026/09/14 14:30,325
2026/09/14 14:40,325
2026/09/14 14:50,325
2026/09/14 15:00,325
2026/09/14 15:10,325
2026/09/14 15:20,325
2026/09/14 15:30,325
2026/09/14 15:40,325
2026/09/14 15:50,325
2026/09/14 16:00,325
2026/09/14 16:10,323
2026/09/14 16:20,323
2026/09/14 16:30,323
2026/09/14 16:40,323
2026/09/14 16:50,322
2026/09/14 17:00,322
2026/09/14 17:10,322
2026/09/14 17:20,322
2026/09/14 17:30,322
2026/09/14 17:40,322
2026/09/14 17:50,322
2026/09/14 18:00,321
2026/09/14 18:10,321
2026/09/14 18:20,320
2026/09/14 18:30,320
2026/09/14 18:40,320
2026/09/14 18:50,320
2026/09/14 19:00,320
2026/09/14 19:10,320
2026/09/14 19:20,319
2026/09/14 19:30,319
2026/09/14 19:40,319
2026/09/14 19:50,318
2026/09/14 20:00,318
2026/09/14 20:10,318
2026/09/14 20:20,318
2026/09/14 20:30,318
2026/09/14 20:40,318
2026/09/14 20:50,317
2026/09/14 21:00,317
2026/09/14 21:10,315
2026/09/14 21:20,315
2026/09/14 21:30,315
2026/09/14 21:40,314
2026/09/14 21:50,314
2026/09/14 22:00,314
2026/09/14 22:10,314
2026/09/14 22:20,314
2026/09/14 22:30,314
2026/09/14 22:40,314
2026/09/14 22:50,314
2026/09/14 23:00,314
2026/09/14 23:10,312
2026/09/14 23:20,312
2026/09/14 23:30,312
2026/09/14 23:40,312
2026/09/14 23:50,312
2026/09/15 00:00,312
2026/09/15 00:10,312
2026/09/15 00:20,311
2026/09/15 00:30,311
2026/09/15 00:40,310
2026/09/15 00:50,310
2026/09/15 01:00,309
2026/09/15 01:10,309
2026/09/15 01:20,309
2026/09/15 01:30,309
2026/09/15 01:40,309
2026/09/15 01:50,309
2026/09/15 07:00,309
2026/09/15 07:10,309
2026/09/15 07:20,309
2026/09/15 07:30,308
2026/09/15 07:40,308
2026/09/15 07:50,308
2026/09/15 08:00,308
2026/09/15 08:10,307
2026/09/15 08:20,307
2026/09/15 08:30,307
2026/09/15 08:40,307
2026/09/15 08:50,307
2026/09/15 09:00,307
2026/09/15 09:10,307
2026/09/15 09:20,307
2026/09/15 09:30,307
2026/09/15 09:40,307
2026/09/15 09:50,307
2026/09/15 10:00,307
2026/09/15 10:10,307
2026/09/15 10:20,307
2026/09/15 10:30,307
2026/09/15 10:40,307
2026/09/15 10:50,307
2026/09/15 11:00,307
2026/09/15 11:10,307
2026/09/15 11:20,307
2026/09/15 11:30,307
2026/09/15 11:40,306
2026/09/15 11:50,306
2026/09/15 12:00,306
2026/09/15 12:10,306
2026/09/15 12:20,305
2026/09/15 12:30,305
2026/09/15 12:40,305
2026/09/15 12:50,305
2026/09/15 13:00,305
2026/09/15 13:10,305
2026/09/15 13:20,305
2026/09/15 13:30,305
2026/09/15 13:40,305
2026/09/15 13:50,305
2026/09/15 14:00,305
2026/09/15 14:10,305
2026/09/15 14:20,305
2026/09/15 14:30,305
2026/09/15 14:40,305
2026/09/15 14:50,305
2026/09/15 15:00,305
2026/09/15 15:10,305
2026/09/15 15:20,305
2026/09/15 15:30,305
2026/09/15 15:40,304
2026/09/15 15:50,303
2026/09/15 16:00,302
2026/09/15 16:10,302
2026/09/15 16:20,301
2026/09/15 16:30,301
2026/09/15 16:40,301
2026/09/15 16:50,301
2026/09/15 17:00,301
2026/09/15 17:10,301
2026/09/15 17:20,301
2026/09/15 17:30,301
2026/09/15 17:40,301
2026/09/15 17:50,301
2026/09/15 18:00,301
2026/09/15 18:10,301
2026/09/15 18:20,300
2026/09/15 18:30,300
2026/09/15 18:40,300
2026/09/15 18:50,300
2026/09/15 19:00,300
2026/09/15 19:10,300
2026/09/15 19:20,298
2026/09/15 19:30,298
2026/09/15 19:40,298
2026/09/15 19:50,298
2026/09/15 20:00,297
2026/09/15 20:10,297
2026/09/15 20:20,297
2026/09/15 20:30,297
2026/09/15 20:40,297
2026/09/15 20:50,297
2026/09/15 21:00,296
2026/09/15 21:10,296
2026/09/15 21:20,296
2026/09/15 21:30,296
2026/09/15 21:40,296
2026/09/15 21:50,296
2026/09/15 22:00,296
2026/09/15 22:10,296
2026/09/15 22:20,295
2026/09/15 22:30,295
2026/09/15 22:40,295
2026/09/15 22:50,294
2026/09/15 23:00,294
2026/09/15 23:10,294
2026/09/15 23:20,294
2026/09/15 23:30,294
2026/09/15 23:40,294
2026/09/15 23:50,294
2026/09/16 00:00,294
2026/09/16 00:10,294
2026/09/16 00:20,294
2026/09/16 00:30,294
2026/09/16 00:40,294
2026/09/16 00:50,294
2026/09/16 01:00,294
2026/09/16 01:10,294
2026/09/16 01:20,294
2026/09/16 01:30,294
2026/09/16 01:40,294
2026/09/16 01:50,294
2026/09/16 02:00,294
2026/09/16 02:10,294
2026/09/16 02:20,294
2026/09/16 02:30,294
2026/09/16 02:40,294
2026/09/16 02:50,294
2026/09/16 03:00,294
2026/09/16 03:10,294
2026/09/16 03:20,294
2026/09/16 03:30,294
2026/09/16 03:40,294
2026/09/16 03:50,294
2026/09/16 04:00,294
2026/09/16 04:10,294
2026/09/16 04:20,294
2026/09/16 04:30,294
2026/09/16 04:40,294
2026/09/16 04:50,294
2026/09/16 07:00,294
2026/09/16 07:10,294
2026/09/16 07:20,294
2026/09/16 07:30,294
2026/09/16 07:40,294
2026/09/16 07:50,294
2026/09/16 08:00,294
2026/09/16 08:10,294
2026/09/16 08:20,294
2026/09/16 08:30,294
2026/09/16 08:40,294
2026/09/16 08:50,294
2026/09/16 09:00,294
2026/09/16 09:10,294
2026/09/16 09:20,294
2026/09/16 09:30,294
2026/09/16 09:40,294
2026/09/16 09:50,294
2026/09/16 10:00,294
2026/09/16 10:10,294
2026/09/16 10:20,294
2026/09/16 10:30,294
2026/09/16 10:40,294
2026/09/16 10:50,294
2026/09/16 11:00,294
2026/09/16 11:10,294
2026/09/16 11:20,294
2026/09/16 11:30,293
2026/09/16 11:40,293
2026/09/16 11:50,293
2026/09/16 12:00,293
2026/09/16 12:10,293
2026/09/16 12:20,293
2026/09/16 12:30,293
2026/09/16 12:40,293
2026/09/16 12:50,292
2026/09/16 13:00,292
2026/09/16 13:10,291
2026/09/16 13:20,291
2026/09/16 13:30,290
2026/09/16 13:40,290
2026/09/16 13:50,290
2026/09/16 14:00,290
2026/09/16 14:10,290
2026/09/16 14:20,289
2026/09/16 14:30,289
2026/09/16 14:40,289
2026/09/16 14:50,289
2026/09/16 15:00,289
2026/09/16 15:10,288
2026/09/16 15:20,288
2026/09/16 15:30,288
2026/09/16 15:40,288
2026/09/16 15:50,288
2026/09/16 16:00,288
2026/09/16 16:10,288
2026/09/16 16:20,288
2026/09/16 16:30,288
2026/09/16 16:40,288
2026/09/16 16:50,288
2026/09/16 17:00,288
2026/09/16 17:10,288
2026/09/16 17:20,288
2026/09/16 17:30,288
2026/09/16 17:40,288
2026/09/16 17:50,288
2026/09/16 18:00,288
2026/09/16 18:10,288
2026/09/16 18:20,288
2026/09/16 18:30,288
2026/09/16 18:40,288
2026/09/16 18:50,288
2026/09/16 19:00,287
2026/09/16 19:10,287
2026/09/16 19:20,286
2026/09/16 19:30,286
2026/09/16 19:40,285
2026/09/16 19:50,285
2026/09/16 20:00,284
2026/09/16 20:10,284
2026/09/16 20:20,284
2026/09/16 20:30,284
2026/09/16 20:40,284
2026/09/16 20:50,284
2026/09/16 21:00,284
2026/09/16 21:10,284
2026/09/16 21:20,284
2026/09/16 21:30,284
2026/09/16 21:40,284
2026/09/16 21:50,284
2026/09/16 22:00,284
2026/09/16 22:10,284
2026/09/16 22:20,283
2026/09/16 22:30,283
2026/09/16 22:40,282
2026/09/16 22:50,282
2026/09/16 23:00,282
2026/09/16 23:10,282
2026/09/16 23:20,281
2026/09/16 23:30,281
2026/09/16 23:40,281
2026/09/16 23:50,280
2026/09/17 00:00,280
2026/09/17 00:10,280
2026/09/17 00:20,280
2026/09/17 00:30,280
2026/09/17 00:40,280
2026/09/17 00:50,280
2026/09/17 01:00,280
2026/09/17 01:10,280
2026/09/17 01:20,280
2026/09/17 01:30,280
2026/09/17 01:40,280
2026/09/17 01:50,280
2026/09/17 02:00,280
2026/09/17 02:10,280
2026/09/17 02:20,280
2026/09/17 02:30,280
2026/09/17 02:40,280
2026/09/17 02:50,280
2026/09/17 03:00,280
2026/09/17 03:10,280
2026/09/17 03:20,280
2026/09/17 03:30,280
2026/09/17 03:40,280
2026/09/17 03:50,280
2026/09/17 04:00,280
2026/09/17 04:10,280
2026/09/17 04:20,280
2026/09/17 04:30,280
2026/09/17 04:40,280
2026/09/17 04:50,280
2026/09/17 07:00,280
2026/09/17 07:10,280
2026/09/17 07:20,280
2026/09/17 07:30,280
2026/09/17 07:40,280
2026/09/17 07:50,280
2026/09/17 08:00,280
2026/09/17 08:10,280
2026/09/17 08:20,280
2026/09/17 08:30,280
2026/09/17 08:40,280
2026/09/17 08:50,280
2026/09/17 09:00,280
2026/09/17 09:10,280
2026/09/17 09:20,280
2026/09/17 09:30,280
2026/09/17 09:40,280
2026/09/17 09:50,280
2026/09/17 10:00,279
2026/09/17 10:10,279
2026/09/17 10:20,279
2026/09/17 10:30,279
2026/09/17 10:40,279
2026/09/17 10:50,279
2026/09/17 11:00,279
2026/09/17 11:10,279
2026/09/17 11:20,279
2026/09/17 11:30,279
2026/09/17 11:40,279
2026/09/17 11:50,279
2026/09/17 12:00,279
2026/09/17 12:10,279
2026/09/17 12:20,279
2026/09/17 12:30,279
2026/09/17 12:40,279
2026/09/17 12:50,277
2026/09/17 13:00,276
2026/09/17 13:10,276
2026/09/17 13:30,276
2026/09/17 13:40,276
2026/09/17 13:50,276
2026/09/17 14:00,276
2026/09/17 14:10,276
2026/09/17 14:20,276
2026/09/17 14:30,276
2026/09/17 14:40,276
2026/09/17 14:50,276
2026/09/17 15:00,276
2026/09/17 15:10,276
2026/09/17 15:20,276
2026/09/17 15:30,276
2026/09/17 15:40,276
2026/09/17 15:50,276
2026/09/17 16:00,276
2026/09/17 16:10,276
2026/09/17 16:20,276
2026/09/17 16:30,275
2026/09/17 16:40,274
2026/09/17 16:50,273
2026/09/17 17:00,272
2026/09/17 17:10,272
2026/09/17 17:20,272
2026/09/17 17:30,272
2026/09/17 17:40,272
2026/09/17 17:50,272
2026/09/17 18:00,272
2026/09/17 18:10,272
2026/09/17 18:20,272
2026/09/17 18:30,272
2026/09/17 18:40,271
2026/09/17 18:50,271
2026/09/17 19:00,271
2026/09/17 19:10,271
2026/09/17 19:20,271
2026/09/17 19:30,270
2026/09/17 19:40,270
2026/09/17 19:50,269
2026/09/17 20:00,269
2026/09/17 20:10,269
2026/09/17 20:20,269
2026/09/17 20:30,269
2026/09/17 20:40,269
2026/09/17 20:50,269
2026/09/17 21:00,269
2026/09/17 21:10,269
2026/09/17 21:20,268
2026/09/17 21:30,268
2026/09/17 21:40,268
2026/09/17 21:50,268
2026/09/17 22:00,268
2026/09/17 22:10,268
2026/09/17 22:20,268
2026/09/17 22:30,268
2026/09/17 22:40,268
2026/09/17 22:50,268
2026/09/17 23:00,268
2026/09/17 23:10,268
2026/09/17 23:20,268
2026/09/17 23:30,268
2026/09/17 23:40,268
2026/09/17 23:50,268
2026/09/18 00:00,268
2026/09/18 00:10,268
2026/09/18 00:20,268
2026/09/18 00:30,268
2026/09/18 00:40,268
2026/09/18 00:50,268
2026/09/18 01:00,268
2026/09/18 01:10,268
2026/09/18 01:20,267
2026/09/18 01:30,267
2026/09/18 01:40,267
2026/09/18 01:50,267
2026/09/18 02:00,267
2026/09/18 02:10,267
2026/09/18 02:20,267
2026/09/18 02:30,267
2026/09/18 02:40,267
2026/09/18 02:50,267
2026/09/18 03:00,267
2026/09/18 03:10,267
2026/09/18 03:20,267
2026/09/18 03:30,267
2026/09/18 03:40,267
2026/09/18 03:50,267
2026/09/18 04:00,267
2026/09/18 04:10,267
2026/09/18 04:20,267
2026/09/18 04:30,267
2026/09/18 04:40,267
2026/09/18 04:50,267
2026/09/18 07:00,267
2026/09/18 07:10,267
2026/09/18 07:20,267
2026/09/18 07:30,267
2026/09/18 07:40,267
2026/09/18 07:50,267
2026/09/18 08:00,267
2026/09/18 08:10,267
2026/09/18 08:20,267
2026/09/18 08:30,267
2026/09/18 08:40,267
2026/09/18 08:50,267
2026/09/18 09:00,267
2026/09/18 09:10,267
2026/09/18 09:20,267
2026/09/18 09:30,267
2026/09/18 09:40,267
2026/09/18 09:50,267
2026/09/18 10:00,267
2026/09/18 10:10,267
2026/09/18 10:20,267
2026/09/18 10:30,267
2026/09/18 10:40,267
2026/09/18 10:50,267
2026/09/18 11:00,266
2026/09/18 11:10,266
2026/09/18 11:20,266
2026/09/18 11:30,266
2026/09/18 11:40,266
2026/09/18 11:50,266
2026/09/18 12:00,266
2026/09/18 12:10,266
2026/09/18 12:20,266
2026/09/18 12:30,266
2026/09/18 12:40,266
2026/09/18 12:50,265
2026/09/18 13:00,265
2026/09/18 13:10,265
2026/09/18 13:20,265
2026/09/18 13:30,265
2026/09/18 13:40,265
2026/09/18 13:50,265
2026/09/18 14:00,263
2026/09/18 14:10,263
2026/09/18 14:20,263
2026/09/18 14:30,262
2026/09/18 14:40,262
2026/09/18 14:50,262
2026/09/18 15:00,262
2026/09/18 15:10,262
2026/09/18 15:20,262
2026/09/18 15:30,262
2026/09/18 15:40,262
2026/09/18 15:50,262
2026/09/18 16:00,262
2026/09/18 16:10,261
2026/09/18 16:20,261
2026/09/18 16:30,261
2026/09/18 16:40,260
2026/09/18 16:50,260
2026/09/18 17:00,260
2026/09/18 17:10,259
2026/09/18 17:20,259
2026/09/18 17:30,258
2026/09/18 17:40,258
2026/09/18 17:50,258
2026/09/18 18:00,258
2026/09/18 18:10,258
2026/09/18 18:20,257
2026/09/18 18:30,257
2026/09/18 18:40,257
2026/09/18 18:50,256
2026/09/18 19:00,255
2026/09/18 19:10,254
2026/09/18 19:20,254
2026/09/18 19:30,253
2026/09/18 19:40,253
2026/09/18 19:50,252
2026/09/18 20:00,251
2026/09/18 20:10,251
2026/09/18 20:20,251
2026/09/18 20:30,251
2026/09/18 20:40,250
2026/09/18 20:50,250
2026/09/18 21:00,250
2026/09/18 21:10,250
2026/09/18 21:20,249
2026/09/18 21:30,249
2026/09/18 21:40,249
2026/09/18 21:50,248
2026/09/18 22:00,248
2026/09/18 22:10,247
2026/09/18 22:20,247
2026/09/18 22:30,247
2026/09/18 22:40,247
2026/09/18 22:50,247
2026/09/18 23:00,247
2026/09/18 23:10,247
2026/09/18 23:20,247
2026/09/18 23:30,247
2026/09/18 23:40,247
2026/09/18 23:50,247
2026/09/19 00:00,247
2026/09/19 00:10,247
2026/09/19 00:20,247
2026/09/19 00:30,247
2026/09/19 00:40,247
2026/09/19 00:50,247
2026/09/19 01:00,247
2026/09/19 01:10,247
2026/09/19 01:20,247
2026/09/19 01:30,247
2026/09/19 01:40,247
2026/09/19 01:50,247
2026/09/19 02:00,247
2026/09/19 02:10,247
2026/09/19 02:20,247
2026/09/19 02:30,247
2026/09/19 02:40,247
2026/09/19 02:50,247
2026/09/19 03:00,247
2026/09/19 03:10,247
2026/09/19 03:20,247
2026/09/19 03:30,247
2026/09/19 03:40,247
2026/09/19 03:50,247
2026/09/19 04:00,247
2026/09/19 04:10,247
2026/09/19 04:20,247
2026/09/19 04:30,247
2026/09/19 04:40,247
2026/09/19 04:50,247
2026/09/19 07:00,247
2026/09/19 07:10,247
2026/09/19 07:20,247
2026/09/19 07:30,247
2026/09/19 07:40,247
2026/09/19 07:50,247
2026/09/19 08:00,247
2026/09/19 08:10,247
2026/09/19 08:20,247
2026/09/19 08:30,247
2026/09/19 08:40,247
2026/09/19 08:50,247
2026/09/19 09:00,247
2026/09/19 09:10,247
2026/09/19 09:20,247
2026/09/19 09:30,247
2026/09/19 09:40,247
2026/09/19 09:50,247
2026/09/19 10:00,247
2026/09/19 10:10,247
2026/09/19 10:20,247
2026/09/19 10:30,247
2026/09/19 10:40,247
2026/09/19 10:50,246
2026/09/19 11:00,245
2026/09/19 11:10,245
2026/09/19 11:20,245
2026/09/19 11:30,245
2026/09/19 11:40,245
2026/09/19 11:50,245
2026/09/19 12:00,245
2026/09/19 12:10,245
2026/09/19 12:20,245
2026/09/19 12:30,245
2026/09/19 12:40,245
2026/09/19 12:50,245
2026/09/19 13:00,245
2026/09/19 13:10,245
2026/09/19 13:20,244
2026/09/19 13:30,244
2026/09/19 13:40,244
2026/09/19 13:50,244
2026/09/19 14:00,244
2026/09/19 14:10,244
2026/09/19 14:20,244
2026/09/19 14:30,244
2026/09/19 14:40,244
2026/09/19 14:50,244
2026/09/19 15:00,244
2026/09/19 15:10,244
2026/09/19 15:20,243
2026/09/19 15:30,243
2026/09/19 15:40,242
2026/09/19 15:50,242
2026/09/19 16:00,241
2026/09/19 16:10,241
2026/09/19 16:20,241
2026/09/19 16:30,240
2026/09/19 16:40,240
2026/09/19 16:50,240
2026/09/19 17:00,240
2026/09/19 17:10,239
2026/09/19 17:20,239
2026/09/19 17:30,239
2026/09/19 17:40,237
2026/09/19 17:50,235
2026/09/19 18:00,235
2026/09/19 18:10,235
2026/09/19 18:20,235
2026/09/19 18:30,235
2026/09/19 18:40,235
2026/09/19 18:50,235
2026/09/19 19:00,235
2026/09/19 19:10,235
2026/09/19 19:20,235
2026/09/19 19:30,235
2026/09/19 19:40,235
2026/09/19 19:50,234
2026/09/19 20:00,233
2026/09/19 20:10,233
2026/09/19 20:20,232
2026/09/19 20:30,232
2026/09/19 20:40,232
2026/09/19 20:50,232
2026/09/19 21:00,232
2026/09/19 21:10,232
2026/09/19 21:20,232
2026/09/19 21:30,232
2026/09/19 21:40,232
2026/09/19 21:50,232
2026/09/19 22:00,232
2026/09/19 22:10,231
2026/09/19 22:20,231
2026/09/19 22:30,231
2026/09/19 22:40,231
2026/09/19 22:50,231
2026/09/19 23:00,231
2026/09/19 23:10,230
2026/09/19 23:20,230
2026/09/19 23:30,230
2026/09/19 23:40,230
2026/09/19 23:50,230
2026/09/20 00:00,230
2026/09/20 00:10,230
2026/09/20 00:20,230
2026/09/20 00:30,230
2026/09/20 00:40,230
2026/09/20 00:50,230
2026/09/20 01:00,230
2026/09/20 01:10,230
2026/09/20 01:20,229
2026/09/20 01:30,229
2026/09/20 01:40,229
2026/09/20 01:50,229
2026/09/20 02:00,229
2026/09/20 02:10,229
2026/09/20 02:20,229
2026/09/20 02:30,229
2026/09/20 02:40,229
2026/09/20 02:50,229
2026/09/20 03:00,229
2026/09/20 03:10,229
2026/09/20 03:20,229
2026/09/20 03:30,229
2026/09/20 03:40,228
2026/09/20 03:50,228
2026/09/20 04:00,228
2026/09/20 04:10,228
2026/09/20 04:20,228
2026/09/20 04:30,228
2026/09/20 04:40,228
2026/09/20 04:50,228
2026/09/20 07:00,228
2026/09/20 07:10,227
2026/09/20 07:20,227
2026/09/20 07:30,227
2026/09/20 07:40,227
2026/09/20 07:50,227
2026/09/20 08:00,227
2026/09/20 08:10,227
2026/09/20 08:20,227
2026/09/20 08:30,227
2026/09/20 08:40,227
2026/09/20 08:50,227
2026/09/20 09:00,227
2026/09/20 09:10,227
2026/09/20 09:20,226
2026/09/20 09:30,226
2026/09/20 09:40,226
2026/09/20 09:50,226
2026/09/20 10:00,226
2026/09/20 10:10,226
2026/09/20 10:20,226
2026/09/20 10:30,226
2026/09/20 10:40,226
2026/09/20 10:50,226
2026/09/20 11:00,225
2026/09/20 11:10,224
2026/09/20 11:20,224
2026/09/20 11:30,224
2026/09/20 11:40,224
2026/09/20 11:50,223
2026/09/20 12:00,223
2026/09/20 12:10,223
2026/09/20 12:20,223
2026/09/20 12:30,223
2026/09/20 12:40,223
2026/09/20 12:50,223
2026/09/20 13:00,223
2026/09/20 13:10,223
2026/09/20 13:20,223
2026/09/20 13:30,222
2026/09/20 13:40,221
2026/09/20 13:50,220
2026/09/20 14:00,219
2026/09/20 14:10,219
2026/09/20 14:20,218
2026/09/20 14:30,217
2026/09/20 14:40,217
2026/09/20 14:50,217
2026/09/20 15:00,217
2026/09/20 15:10,217
2026/09/20 15:20,217
2026/09/20 15:30,216
2026/09/20 15:40,216
2026/09/20 15:50,216
2026/09/20 16:00,216
2026/09/20 16:10,215
2026/09/20 16:20,215
2026/09/20 16:30,215
2026/09/20 16:40,215
2026/09/20 16:50,215
2026/09/20 17:00,215
2026/09/20 17:10,214
2026/09/20 17:20,214
2026/09/20 17:30,213
2026/09/20 17:40,213
2026/09/20 17:50,213
2026/09/20 18:00,213
2026/09/20 18:10,213
2026/09/20 18:20,213
2026/09/20 18:30,213
2026/09/20 18:40,213
2026/09/20 18:50,213
2026/09/20 19:00,213
2026/09/20 19:10,212
2026/09/20 19:20,212
2026/09/20 19:30,212
2026/09/20 19:40,212
2026/09/20 19:50,212
2026/09/20 20:00,211
2026/09/20 20:10,211
2026/09/20 20:20,211
2026/09/20 20:30,211
2026/09/20 20:40,211
2026/09/20 20:50,211
2026/09/20 21:00,211
2026/09/20 21:10,211
2026/09/20 21:20,211
2026/09/20 21:30,211
2026/09/20 21:40,211
2026/09/20 21:50,210
2026/09/20 22:00,210
2026/09/20 22:10,210
2026/09/20 22:20,210
2026/09/20 22:30,210
2026/09/20 22:40,210
2026/09/20 22:50,210
2026/09/20 23:00,210
2026/09/20 23:10,210
2026/09/20 23:20,210
2026/09/20 23:30,210
2026/09/20 23:40,210
2026/09/20 23:50,210
2026/09/21 00:00,210
2026/09/21 00:10,210
2026/09/21 00:20,210
2026/09/21 00:30,210
2026/09/21 00:40,210
2026/09/21 00:50,210
2026/09/21 01:00,210
2026/09/21 01:10,210
2026/09/21 01:20,210
2026/09/21 01:30,210
2026/09/21 01:40,210
2026/09/21 01:50,210
2026/09/21 02:00,210
2026/09/21 02:10,210
2026/09/21 02:20,210
2026/09/21 02:30,210
2026/09/21 02:40,210
2026/09/21 02:50,210
2026/09/21 03:00,210
2026/09/21 03:10,210
2026/09/21 03:20,210
2026/09/21 03:30,210
2026/09/21 03:40,210
2026/09/21 03:50,210
2026/09/21 04:00,210
2026/09/21 04:10,210
2026/09/21 04:20,210
2026/09/21 04:30,210
2026/09/21 04:40,210
2026/09/21 04:50,210
2026/09/21 07:00,210
2026/09/21 07:10,210
2026/09/21 07:20,210
2026/09/21 07:30,210
2026/09/21 07:40,210
2026/09/21 07:50,210
2026/09/21 08:00,209
2026/09/21 08:10,209
2026/09/21 08:20,209
2026/09/21 08:30,209
2026/09/21 08:40,209
2026/09/21 08:50,209
2026/09/21 09:00,209
2026/09/21 09:10,209
2026/09/21 09:20,209
2026/09/21 09:30,209
2026/09/21 09:40,209
2026/09/21 09:50,209
2026/09/21 10:00,209
2026/09/21 10:10,209
2026/09/21 10:20,209
2026/09/21 10:30,209
2026/09/21 10:40,209
2026/09/21 10:50,209
2026/09/21 11:00,209
2026/09/21 11:10,209
2026/09/21 11:20,209
2026/09/21 11:30,209
2026/09/21 11:40,209
2026/09/21 11:50,209
2026/09/21 12:00,209
2026/09/21 12:10,209
2026/09/21 12:20,209
2026/09/21 12:30,209
2026/09/21 12:40,207
2026/09/21 12:50,206
2026/09/21 13:00,206
2026/09/21 13:10,206
2026/09/21 13:20,206
2026/09/21 13:30,206
2026/09/21 13:40,206
2026/09/21 13:50,206
2026/09/21 14:00,206
2026/09/21 14:10,206
2026/09/21 14:20,206
2026/09/21 14:30,206
2026/09/21 14:40,205
2026/09/21 14:50,205
2026/09/21 15:00,204
2026/09/21 15:10,204
2026/09/21 15:20,204
2026/09/21 15:30,204
2026/09/21 15:40,204
2026/09/21 15:50,203
2026/09/21 16:00,202
2026/09/21 16:10,202
2026/09/21 16:20,202
2026/09/21 16:30,202
2026/09/21 16:40,202
2026/09/21 16:50,202
2026/09/21 17:00,201
2026/09/21 17:10,201
2026/09/21 17:20,201
2026/09/21 17:30,201
2026/09/21 17:40,201
2026/09/21 17:50,201
2026/09/21 18:00,200
2026/09/21 18:10,200
2026/09/21 18:20,200
2026/09/21 18:30,200
2026/09/21 18:40,200
2026/09/21 18:50,200
2026/09/21 19:00,200
2026/09/21 19:10,200
2026/09/21 19:20,200
2026/09/21 19:30,199
2026/09/21 19:40,199
2026/09/21 19:50,199
2026/09/21 20:00,199
2026/09/21 20:10,198
2026/09/21 20:20,198
2026/09/21 20:30,197
2026/09/21 20:40,197
2026/09/21 20:50,197
2026/09/21 21:00,197
2026/09/21 21:10,196
2026/09/21 21:20,196
2026/09/21 21:30,196
2026/09/21 21:40,196
2026/09/21 21:50,194
2026/09/21 22:00,194
2026/09/21 22:10,194
2026/09/21 22:20,194
2026/09/21 22:30,194
2026/09/21 22:40,194
2026/09/21 22:50,194
2026/09/21 23:00,194
2026/09/21 23:10,194
2026/09/21 23:20,194
2026/09/21 23:30,194
2026/09/21 23:40,194
2026/09/21 23:50,194
2026/09/22 00:00,194
2026/09/22 00:10,194
2026/09/22 00:20,194
2026/09/22 00:30,194
2026/09/22 00:40,194
2026/09/22 00:50,194
2026/09/22 01:00,194
2026/09/22 01:10,194
2026/09/22 01:20,194
2026/09/22 01:30,194
2026/09/22 01:40,194
2026/09/22 01:50,194
2026/09/22 02:00,194
2026/09/22 02:10,194
2026/09/22 02:20,194
2026/09/22 02:30,194
2026/09/22 02:40,194
2026/09/22 02:50,194
2026/09/22 03:00,194
2026/09/22 03:10,194
2026/09/22 03:20,194
2026/09/22 03:30,194
2026/09/22 03:40,194
2026/09/22 03:50,194
2026/09/22 04:00,194
2026/09/22 04:10,194
2026/09/22 04:20,194
2026/09/22 04:30,194
2026/09/22 04:40,194
2026/09/22 04:50,194
2026/09/22 07:00,194
2026/09/22 07:10,194
2026/09/22 07:20,194
2026/09/22 07:30,194
2026/09/22 07:40,194
2026/09/22 07:50,194
2026/09/22 08:00,194
2026/09/22 08:10,194
2026/09/22 08:20,194
2026/09/22 08:30,194
2026/09/22 08:40,194
2026/09/22 08:50,194
2026/09/22 09:00,194
2026/09/22 09:10,194
2026/09/22 09:20,194
2026/09/22 09:30,194
2026/09/22 09:40,194
2026/09/22 09:50,194
2026/09/22 10:00,194
2026/09/22 10:10,194
2026/09/22 10:20,194
2026/09/22 10:30,194
2026/09/22 10:40,194
2026/09/22 10:50,194
2026/09/22 11:00,194
2026/09/22 11:10,194
2026/09/22 11:20,193
2026/09/22 11:30,192
2026/09/22 11:40,192
2026/09/22 11:50,192
2026/09/22 12:00,192
2026/09/22 12:10,191
2026/09/22 12:20,191
2026/09/22 12:30,191
2026/09/22 12:40,191
2026/09/22 12:50,191
2026/09/22 13:00,191
2026/09/22 13:10,191
2026/09/22 13:20,191
2026/09/22 13:30,191
2026/09/22 13:40,190
2026/09/22 13:50,189
2026/09/22 14:00,189
2026/09/22 14:10,189
2026/09/22 14:20,188
2026/09/22 14:30,188
2026/09/22 14:40,188
2026/09/22 14:50,188
2026/09/22 15:00,188
2026/09/22 15:10,188
2026/09/22 15:20,188
2026/09/22 15:30,188
2026/09/22 15:40,188
2026/09/22 15:50,187
2026/09/22 16:00,187
2026/09/22 16:10,187
2026/09/22 16:20,187
2026/09/22 16:30,187
2026/09/22 16:40,187
2026/09/22 16:50,187
2026/09/22 17:00,187
2026/09/22 17:10,187
2026/09/22 17:20,187
2026/09/22 17:30,187
2026/09/22 17:40,187
2026/09/22 17:50,187
2026/09/22 18:00,187
2026/09/22 18:10,187
2026/09/22 18:20,187
2026/09/22 18:30,187
2026/09/22 18:40,187
2026/09/22 18:50,187
2026/09/22 19:00,187
2026/09/22 19:10,186
2026/09/22 19:20,186
2026/09/22 19:30,186
2026/09/22 19:40,186
2026/09/22 19:50,186
2026/09/22 20:00,185
2026/09/22 20:10,184
2026/09/22 20:20,184
2026/09/22 20:30,184
2026/09/22 20:40,184
2026/09/22 20:50,183
2026/09/22 21:00,183
2026/09/22 21:10,182
2026/09/22 21:20,182
2026/09/22 21:30,182
2026/09/22 21:40,182
2026/09/22 21:50,181
2026/09/22 22:00,181
2026/09/22 22:10,181
2026/09/22 22:20,181
2026/09/22 22:30,180
2026/09/22 22:40,179
2026/09/22 22:50,179
2026/09/22 23:00,179
2026/09/22 23:10,178
2026/09/22 23:20,178
2026/09/22 23:30,178
2026/09/22 23:40,178
2026/09/22 23:50,178
2026/09/23 00:00,178
2026/09/23 00:10,178
2026/09/23 00:20,178
2026/09/23 00:30,178
2026/09/23 00:40,177
2026/09/23 00:50,175
2026/09/23 01:00,175
2026/09/23 01:10,175
2026/09/23 01:20,175
2026/09/23 01:30,175
2026/09/23 01:40,175
2026/09/23 01:50,175
2026/09/23 02:00,175
2026/09/23 02:10,175
2026/09/23 02:20,175
2026/09/23 02:30,175
2026/09/23 02:40,175
2026/09/23 02:50,175
2026/09/23 03:00,175
2026/09/23 03:10,175
2026/09/23 03:20,175
2026/09/23 03:30,175
2026/09/23 03:40,175
2026/09/23 03:50,175
2026/09/23 04:00,175
2026/09/23 04:10,175
2026/09/23 04:20,175
2026/09/23 04:30,175
2026/09/23 04:40,175
2026/09/23 04:50,175
2026/09/23 07:00,175
2026/09/23 07:10,175
2026/09/23 07:20,175
2026/09/23 07:30,175
2026/09/23 07:40,175
2026/09/23 07:50,175
2026/09/23 08:00,175
2026/09/23 08:10,175
2026/09/23 08:20,175
2026/09/23 08:30,175
2026/09/23 08:40,175
2026/09/23 08:50,175
2026/09/23 09:00,175
2026/09/23 09:10,175
2026/09/23 09:20,175
2026/09/23 09:30,174
2026/09/23 09:40,174
2026/09/23 09:50,174
2026/09/23 10:00,174
2026/09/23 10:10,174
2026/09/23 10:20,174
2026/09/23 10:30,174
2026/09/23 10:40,173
2026/09/23 10:50,173
2026/09/23 11:00,172
2026/09/23 11:10,172
2026/09/23 11:20,172
2026/09/23 11:30,172
2026/09/23 11:40,172
2026/09/23 11:50,172
2026/09/23 12:00,172
2026/09/23 12:10,171
2026/09/23 12:20,171
2026/09/23 12:30,171
2026/09/23 12:40,171
2026/09/23 12:50,171
2026/09/23 13:00,171
2026/09/23 13:10,171
2026/09/23 13:20,170
2026/09/23 13:30,169
2026/09/23 13:40,169
2026/09/23 13:50,168
2026/09/23 14:00,168
2026/09/23 14:10,168
2026/09/23 14:20,168
2026/09/23 14:30,168
2026/09/23 14:40,168
2026/09/23 14:50,168
2026/09/23 15:00,168
2026/09/23 15:10,168
2026/09/23 15:20,168
2026/09/23 15:30,168
2026/09/23 15:40,168
2026/09/23 15:50,167
2026/09/23 16:00,167
2026/09/23 16:10,167
2026/09/23 16:20,167
2026/09/23 16:30,167
2026/09/23 16:40,165
2026/09/23 16:50,165
2026/09/23 17:00,165
2026/09/23 17:10,164
2026/09/23 17:20,164
2026/09/23 17:30,164
2026/09/23 17:40,164
2026/09/23 17:50,163
2026/09/23 18:00,163
2026/09/23 18:10,162
2026/09/23 18:20,162
2026/09/23 18:30,162
2026/09/23 18:40,162
2026/09/23 18:50,162
2026/09/23 19:00,162
2026/09/23 19:10,162
2026/09/23 19:20,161
2026/09/23 19:30,160
2026/09/23 19:40,160
2026/09/23 19:50,160
2026/09/23 20:00,158
2026/09/23 20:10,158
2026/09/23 20:20,158
2026/09/23 20:30,158
2026/09/23 20:40,157
2026/09/23 20:50,157
2026/09/23 21:00,157
2026/09/23 21:10,157
2026/09/23 21:20,157
2026/09/23 21:30,157
2026/09/23 21:40,157
2026/09/23 21:50,156
2026/09/23 22:00,156
2026/09/23 22:10,156
2026/09/23 22:20,156
2026/09/23 22:30,155
2026/09/23 22:40,154
2026/09/23 22:50,154
2026/09/23 23:00,154
2026/09/23 23:10,153
2026/09/23 23:20,152
2026/09/23 23:30,152
2026/09/23 23:40,152
2026/09/23 23:50,152
2026/09/24 00:00,152
2026/09/24 00:10,152
2026/09/24 00:20,151
2026/09/24 00:30,151
2026/09/24 00:40,151
2026/09/24 00:50,150
2026/09/24 01:00,150
2026/09/24 01:10,150
2026/09/24 01:20,150
2026/09/24 01:30,150
2026/09/24 01:40,150
2026/09/24 01:50,150
2026/09/24 02:00,150
2026/09/24 02:10,150
2026/09/24 02:20,150
2026/09/24 02:30,150
2026/09/24 02:40,150
2026/09/24 02:50,150
2026/09/24 03:00,150
2026/09/24 03:10,150
2026/09/24 03:20,150
2026/09/24 03:30,150
2026/09/24 03:40,150
2026/09/24 03:50,150
2026/09/24 04:00,150
2026/09/24 04:10,150
2026/09/24 04:20,150
2026/09/24 04:30,150
2026/09/24 04:40,150
2026/09/24 04:50,150
2026/09/24 07:00,150
2026/09/24 07:10,150
2026/09/24 07:20,150
2026/09/24 07:30,150
2026/09/24 07:40,150
2026/09/24 07:50,150
2026/09/24 08:00,150
2026/09/24 08:10,150
2026/09/24 08:20,150
2026/09/24 08:30,150
2026/09/24 08:40,150
2026/09/24 08:50,150
2026/09/24 09:00,150
2026/09/24 09:10,150
2026/09/24 09:20,150
2026/09/24 09:30,150
2026/09/24 09:40,150
2026/09/24 09:50,150
2026/09/24 10:00,150
2026/09/24 10:10,150
2026/09/24 10:20,150
2026/09/24 10:30,150
2026/09/24 10:40,150
2026/09/24 10:50,150
2026/09/24 11:00,150
2026/09/24 11:10,150
2026/09/24 11:20,150
2026/09/24 11:30,150
2026/09/24 11:40,150
2026/09/24 11:50,150
2026/09/24 12:00,150
2026/09/24 12:10,150
2026/09/24 12:20,150
2026/09/24 12:30,150
2026/09/24 12:40,150
2026/09/24 12:50,150
2026/09/24 13:00,150
2026/09/24 13:10,150
2026/09/24 13:20,150
2026/09/24 13:30,150
2026/09/24 13:40,150
2026/09/24 13:50,150
2026/09/24 14:00,149
2026/09/24 14:10,147
2026/09/24 14:20,147
2026/09/24 14:30,146
2026/09/24 14:40,146
2026/09/24 14:50,146
2026/09/24 15:00,145
2026/09/24 15:10,144
2026/09/24 15:20,144
2026/09/24 15:30,144
2026/09/24 15:40,143
2026/09/24 15:50,143
2026/09/24 16:00,143
2026/09/24 16:10,143
2026/09/24 16:20,143
2026/09/24 16:30,143
2026/09/24 16:40,143
2026/09/24 16:50,143
2026/09/24 17:00,143
2026/09/24 17:10,143
2026/09/24 17:20,143
2026/09/24 17:30,143
2026/09/24 17:40,143
2026/09/24 17:50,143
2026/09/24 18:00,142
2026/09/24 18:10,142
2026/09/24 18:20,142
2026/09/24 18:30,142
2026/09/24 18:40,142
2026/09/24 18:50,142
2026/09/24 19:00,142
2026/09/24 19:10,142
2026/09/24 19:20,142
2026/09/24 19:30,141
2026/09/24 19:40,141
2026/09/24 19:50,140
2026/09/24 20:00,140
2026/09/24 20:10,140
2026/09/24 20:20,140
2026/09/24 20:30,140
2026/09/24 20:40,140
2026/09/24 20:50,140
2026/09/24 21:00,140
2026/09/24 21:10,140
2026/09/24 21:20,139
2026/09/24 21:30,137
2026/09/24 21:40,137
2026/09/24 21:50,137
2026/09/24 22:00,137
2026/09/24 22:10,136
2026/09/24 22:20,136
2026/09/24 22:30,136
2026/09/24 22:40,136
2026/09/24 22:50,136
2026/09/24 23:00,136
2026/09/24 23:10,136
2026/09/24 23:20,136
2026/09/24 23:30,136
2026/09/24 23:40,136
2026/09/24 23:50,136
2026/09/25 00:00,136
2026/09/25 00:10,136
2026/09/25 00:20,136
2026/09/25 00:30,136
2026/09/25 00:40,136
2026/09/25 00:50,136
2026/09/25 01:00,136
2026/09/25 01:10,136
2026/09/25 01:20,136
2026/09/25 01:30,136
2026/09/25 01:40,136
2026/09/25 01:50,136
2026/09/25 02:00,136
2026/09/25 02:10,136
2026/09/25 02:20,136
2026/09/25 02:30,136
2026/09/25 02:40,136
2026/09/25 02:50,136
2026/09/25 03:00,136
2026/09/25 03:10,136
2026/09/25 03:20,136
2026/09/25 03:30,136
2026/09/25 03:40,136
2026/09/25 03:50,136
2026/09/25 04:00,136
2026/09/25 04:10,136
2026/09/25 04:20,136
2026/09/25 04:30,136
2026/09/25 04:40,136
2026/09/25 04:50,136
2026/09/25 07:00,136
2026/09/25 07:10,136
2026/09/25 07:20,136
2026/09/25 07:30,136
2026/09/25 07:40,136
2026/09/25 07:50,136
2026/09/25 08:00,136
2026/09/25 08:10,136
2026/09/25 08:20,136
2026/09/25 08:30,136
2026/09/25 08:40,136
2026/09/25 08:50,136
2026/09/25 09:00,136
2026/09/25 09:10,136
2026/09/25 09:20,136
2026/09/25 09:30,136
2026/09/25 09:40,136
2026/09/25 09:50,136
2026/09/25 10:00,136
2026/09/25 10:10,136
2026/09/25 10:20,136
2026/09/25 10:30,136
2026/09/25 10:40,136
2026/09/25 10:50,136
2026/09/25 11:00,136
2026/09/25 11:10,136
2026/09/25 11:20,136
2026/09/25 11:30,136
2026/09/25 11:40,136
2026/09/25 11:50,136
2026/09/25 12:00,136
2026/09/25 12:10,136
2026/09/25 12:20,136
2026/09/25 12:30,136
2026/09/25 12:40,136
2026/09/25 12:50,136
2026/09/25 13:00,136
2026/09/25 13:10,136
2026/09/25 13:20,136
2026/09/25 13:30,136
2026/09/25 13:40,136
2026/09/25 13:50,136
2026/09/25 14:00,136
2026/09/25 14:10,136
2026/09/25 14:20,136
2026/09/25 14:30,135
2026/09/25 14:40,135
2026/09/25 14:50,135
2026/09/25 15:00,134
2026/09/25 15:10,134
2026/09/25 15:20,134
2026/09/25 15:30,134
2026/09/25 15:40,133
2026/09/25 15:50,133
2026/09/25 16:00,132
2026/09/25 16:10,132
2026/09/25 16:20,132
2026/09/25 16:30,132
2026/09/25 16:40,132
2026/09/25 16:50,132
2026/09/25 17:00,132
2026/09/25 17:10,132
2026/09/25 17:20,132
2026/09/25 17:30,132
2026/09/25 17:40,132
2026/09/25 17:50,131
2026/09/25 18:00,131
2026/09/25 18:10,131
2026/09/25 18:20,131
2026/09/25 18:30,131
2026/09/25 18:40,131
2026/09/25 18:50,131
2026/09/25 19:00,131
2026/09/25 19:10,131
2026/09/25 19:20,131
2026/09/25 19:30,131
2026/09/25 19:40,131
2026/09/25 19:50,131
2026/09/25 20:00,131
2026/09/25 20:10,131
2026/09/25 20:20,130
2026/09/25 20:30,130
2026/09/25 20:40,128
2026/09/25 20:50,128
2026/09/25 21:00,128
2026/09/25 21:10,128
2026/09/25 21:20,128
2026/09/25 21:30,127
2026/09/25 21:40,126
2026/09/25 21:50,126
2026/09/25 22:00,126
2026/09/25 22:10,126
2026/09/25 22:20,126
2026/09/25 22:30,126
2026/09/25 22:40,126
2026/09/25 22:50,126
2026/09/25 23:00,124
2026/09/25 23:10,124
2026/09/25 23:20,124
2026/09/25 23:30,124
2026/09/25 23:40,124
2026/09/25 23:50,123
2026/09/26 00:00,123
2026/09/26 00:10,123
2026/09/26 00:20,122
2026/09/26 00:30,122
2026/09/26 00:40,122
2026/09/26 00:50,122
2026/09/26 01:00,122
2026/09/26 01:10,122
2026/09/26 01:20,122
2026/09/26 01:30,122
2026/09/26 01:40,122
2026/09/26 01:50,121
2026/09/26 02:00,121
2026/09/26 02:10,121
2026/09/26 02:20,121
2026/09/26 02:30,121
2026/09/26 02:40,121
2026/09/26 02:50,121
2026/09/26 03:00,121
2026/09/26 03:10,121
2026/09/26 03:20,121
2026/09/26 03:30,121
2026/09/26 03:40,121
2026/09/26 03:50,121
2026/09/26 04:00,121
2026/09/26 04:10,121
2026/09/26 04:20,121
2026/09/26 04:30,121
2026/09/26 04:40,121
2026/09/26 04:50,121
2026/09/26 07:00,121
2026/09/26 07:10,121
2026/09/26 07:20,121
2026/09/26 07:30,121
2026/09/26 07:40,121
2026/09/26 07:50,121
2026/09/26 08:00,121
2026/09/26 08:10,121
2026/09/26 08:20,121
2026/09/26 08:30,121
2026/09/26 08:40,121
2026/09/26 08:50,121
2026/09/26 09:00,121
2026/09/26 09:10,121
2026/09/26 09:20,121
2026/09/26 09:30,121
2026/09/26 09:40,121
2026/09/26 09:50,121
2026/09/26 10:00,121
2026/09/26 10:10,121
2026/09/26 10:20,121
2026/09/26 10:30,121
2026/09/26 10:40,121
2026/09/26 10:50,121
2026/09/26 11:00,121
2026/09/26 11:10,121
2026/09/26 11:20,121
2026/09/26 11:30,121
2026/09/26 11:40,121
2026/09/26 11:50,120
2026/09/26 12:00,119
2026/09/26 12:10,119
2026/09/26 12:20,118
2026/09/26 12:30,118
2026/09/26 12:40,118
2026/09/26 12:50,118
2026/09/26 13:00,118
2026/09/26 13:10,117
2026/09/26 13:20,117
2026/09/26 13:30,117
2026/09/26 13:40,116
2026/09/26 13:50,115
2026/09/26 14:00,115
2026/09/26 14:10,115
2026/09/26 14:20,115
2026/09/26 14:30,115
2026/09/26 14:40,115
2026/09/26 14:50,115
2026/09/26 15:00,115
2026/09/26 15:10,115
2026/09/26 15:20,115
2026/09/26 15:30,114
2026/09/26 15:40,114
2026/09/26 15:50,114
2026/09/26 16:00,114
2026/09/26 16:10,114
2026/09/26 16:20,114
2026/09/26 16:30,114
2026/09/26 16:40,113
2026/09/26 16:50,113
2026/09/26 17:00,113
2026/09/26 17:10,113
2026/09/26 17:20,113
2026/09/26 17:30,113
2026/09/26 17:40,112
2026/09/26 17:50,112
2026/09/26 18:00,112
2026/09/26 18:10,112
2026/09/26 18:20,112
2026/09/26 18:30,111
2026/09/26 18:40,111
2026/09/26 18:50,111
2026/09/26 19:00,110
2026/09/26 19:10,110
2026/09/26 19:20,110
2026/09/26 19:30,110
2026/09/26 19:40,110
2026/09/26 19:50,110
2026/09/26 20:00,110
2026/09/26 20:10,110
2026/09/26 20:20,110
2026/09/26 20:30,110
2026/09/26 20:40,110
2026/09/26 20:50,110
2026/09/26 21:00,110
2026/09/26 21:10,110
2026/09/26 21:20,110
2026/09/26 21:30,110
2026/09/26 21:40,109
2026/09/26 21:50,109
2026/09/26 22:00,109
2026/09/26 22:10,108
2026/09/26 22:20,107
2026/09/26 22:30,107
2026/09/26 22:40,107
2026/09/26 22:50,106
2026/09/26 23:00,104
2026/09/26 23:10,104
2026/09/26 23:20,104
2026/09/26 23:30,104
2026/09/26 23:40,103
2026/09/26 23:50,103
2026/09/27 00:00,103
2026/09/27 00:10,102
2026/09/27 00:20,102
2026/09/27 00:30,102
2026/09/27 00:40,102
2026/09/27 00:50,102
2026/09/27 01:00,102
2026/09/27 01:10,102
2026/09/27 01:20,102
2026/09/27 01:30,102
2026/09/27 01:40,102
2026/09/27 01:50,102
2026/09/27 02:00,102
2026/09/27 02:10,102
2026/09/27 02:20,102
2026/09/27 02:30,102
2026/09/27 02:40,102
2026/09/27 02:50,102
2026/09/27 03:00,101
2026/09/27 03:10,101
2026/09/27 03:20,101
2026/09/27 03:30,101
2026/09/27 03:40,101
2026/09/27 03:50,101
2026/09/27 04:00,101
2026/09/27 04:10,101
2026/09/27 04:20,101
2026/09/27 04:30,101
2026/09/27 04:40,101
2026/09/27 04:50,101
2026/09/27 07:00,101
2026/09/27 07:10,101
2026/09/27 07:20,101
2026/09/27 07:30,101
2026/09/27 07:40,101
2026/09/27 07:50,101
2026/09/27 08:00,101
2026/09/27 08:10,101
2026/09/27 08:20,101
2026/09/27 08:30,101
2026/09/27 08:40,101
2026/09/27 08:50,101
2026/09/27 09:00,101
2026/09/27 09:10,101
2026/09/27 09:20,101
2026/09/27 09:30,101
2026/09/27 09:40,101
2026/09/27 09:50,101
2026/09/27 10:00,101
2026/09/27 10:10,101
2026/09/27 10:20,101
2026/09/27 10:30,101
2026/09/27 10:40,101
2026/09/27 10:50,101
2026/09/27 11:00,101
2026/09/27 11:10,101
2026/09/27 11:20,101
2026/09/27 11:30,100
2026/09/27 11:40,100
2026/09/27 11:50,98
2026/09/27 12:00,97
2026/09/27 12:10,97
2026/09/27 12:20,97
2026/09/27 12:30,97
2026/09/27 12:40,97
2026/09/27 12:50,96
2026/09/27 13:00,96
2026/09/27 13:10,96
2026/09/27 13:20,96
2026/09/27 13:30,95
2026/09/27 13:40,95
2026/09/27 13:50,95
2026/09/27 14:00,95
2026/09/27 14:10,95
2026/09/27 14:20,94
2026/09/27 14:30,93
2026/09/27 14:40,92
2026/09/27 14:50,91
2026/09/27 15:00,91
2026/09/27 15:10,91
2026/09/27 15:20,91
2026/09/27 15:30,90
2026/09/27 15:40,89
2026/09/27 15:50,89
2026/09/27 16:00,89
2026/09/27 16:10,88
2026/09/27 16:20,88
2026/09/27 16:30,87
2026/09/27 16:40,86
2026/09/27 16:50,85
2026/09/27 17:00,85
2026/09/27 17:10,85
2026/09/27 17:20,85
2026/09/27 17:30,85
2026/09/27 17:40,85
2026/09/27 17:50,85
2026/09/27 18:00,85
2026/09/27 18:10,85
2026/09/27 18:20,84
2026/09/27 18:30,84
2026/09/27 18:40,82
2026/09/27 18:50,82
2026/09/27 19:00,82
2026/09/27 19:10,82
2026/09/27 19:20,82
2026/09/27 19:30,82
2026/09/27 19:40,82
2026/09/27 19:50,82
2026/09/27 20:00,81
2026/09/27 20:10,81
2026/09/27 20:20,81
2026/09/27 20:30,81
2026/09/27 20:40,81
2026/09/27 20:50,81
2026/09/27 21:00,81
2026/09/27 21:10,81
2026/09/27 21:20,81
2026/09/27 21:30,79
2026/09/27 21:40,79
2026/09/27 21:50,79
2026/09/27 22:00,78
2026/09/27 22:10,78
2026/09/27 22:20,78
2026/09/27 22:30,78
2026/09/27 22:40,78
2026/09/27 22:50,78
2026/09/27 23:00,78
2026/09/27 23:10,78
2026/09/27 23:20,77
2026/09/27 23:30,77
2026/09/27 23:40,77
2026/09/27 23:50,77
2026/09/28 00:00,77
2026/09/28 00:10,77
2026/09/28 00:20,77
2026/09/28 00:30,77
2026/09/28 00:40,77
2026/09/28 00:50,77
2026/09/28 01:00,77
2026/09/28 01:10,77
2026/09/28 01:20,77
2026/09/28 01:30,77
2026/09/28 01:40,77
2026/09/28 01:50,77
2026/09/28 02:00,77
2026/09/28 02:10,77
2026/09/28 02:20,77
2026/09/28 02:30,77
2026/09/28 02:40,77
2026/09/28 02:50,77
2026/09/28 03:00,77
2026/09/28 03:10,77
2026/09/28 03:20,77
2026/09/28 03:30,77
2026/09/28 03:40,77
2026/09/28 03:50,77
2026/09/28 04:00,77
2026/09/28 04:10,77
2026/09/28 04:20,77
2026/09/28 04:30,77
2026/09/28 04:40,77
2026/09/28 04:50,77
2026/09/28 07:00,77
2026/09/28 07:10,77
2026/09/28 07:20,77
2026/09/28 07:30,77
2026/09/28 07:40,77
2026/09/28 07:50,77
2026/09/28 08:00,77
2026/09/28 08:10,77
2026/09/28 08:20,77
2026/09/28 08:30,77
2026/09/28 08:40,77
2026/09/28 08:50,77
2026/09/28 09:00,77
2026/09/28 09:10,77
2026/09/28 09:20,77
2026/09/28 09:30,77
2026/09/28 09:40,76
2026/09/28 09:50,76
2026/09/28 10:00,76
2026/09/28 10:10,76
2026/09/28 10:20,76
2026/09/28 10:30,76
2026/09/28 10:40,76
2026/09/28 10:50,76
2026/09/28 11:00,76
2026/09/28 11:10,76
2026/09/28 11:20,76
2026/09/28 11:30,76
2026/09/28 11:40,76
2026/09/28 11:50,76
2026/09/28 12:00,76
2026/09/28 12:10,76
2026/09/28 12:20,76
2026/09/28 12:30,75
2026/09/28 12:40,75
2026/09/28 12:50,75
2026/09/28 13:00,75
2026/09/28 13:10,75
2026/09/28 13:20,75
2026/09/28 13:30,75
2026/09/28 13:40,75
2026/09/28 13:50,75
2026/09/28 14:00,75
2026/09/28 14:10,74
2026/09/28 14:20,73
2026/09/28 14:30,72
2026/09/28 14:40,72
2026/09/28 14:50,72
2026/09/28 15:00,72
2026/09/28 15:10,72
2026/09/28 15:20,72
2026/09/28 15:30,72
2026/09/28 15:40,72
2026/09/28 15:50,72
2026/09/28 16:00,72
2026/09/28 16:10,72
2026/09/28 16:20,72
2026/09/28 16:30,71
2026/09/28 16:40,71
2026/09/28 16:50,70
2026/09/28 17:00,70
2026/09/28 17:10,70
2026/09/28 17:20,70
2026/09/28 17:30,70
2026/09/28 17:40,70
2026/09/28 17:50,69
2026/09/28 18:00,68
2026/09/28 18:10,68
2026/09/28 18:20,68
2026/09/28 18:30,68
2026/09/28 18:40,67
2026/09/28 18:50,64
2026/09/28 19:00,64
2026/09/28 19:10,64
2026/09/28 19:20,64
2026/09/28 19:30,64
2026/09/28 19:40,64
2026/09/28 19:50,64
2026/09/28 20:00,64
2026/09/28 20:10,63
2026/09/28 20:20,63
2026/09/28 20:30,63
2026/09/28 20:40,63
2026/09/28 20:50,63
2026/09/28 21:00,62
2026/09/28 21:10,61
2026/09/28 21:20,61
2026/09/28 21:30,61
2026/09/28 21:40,61
2026/09/28 21:50,61
2026/09/28 22:00,61
2026/09/28 22:10,61
2026/09/28 22:20,61
2026/09/28 22:30,61
2026/09/28 22:40,61
2026/09/28 22:50,61
2026/09/28 23:00,60
2026/09/28 23:10,59
2026/09/28 23:20,59
2026/09/28 23:30,59
2026/09/28 23:40,58
2026/09/28 23:50,58
2026/09/29 00:00,58
2026/09/29 00:10,58
2026/09/29 00:20,58
2026/09/29 00:30,58
2026/09/29 00:40,58
2026/09/29 00:50,58
2026/09/29 01:00,58
2026/09/29 01:10,57
2026/09/29 01:20,57
2026/09/29 01:30,57
2026/09/29 01:40,57
2026/09/29 01:50,57
2026/09/29 02:00,57
2026/09/29 02:10,57
2026/09/29 02:20,57
2026/09/29 02:30,57
2026/09/29 02:40,57
2026/09/29 02:50,57
2026/09/29 03:00,57
2026/09/29 03:10,57
2026/09/29 03:20,57
2026/09/29 03:30,57
2026/09/29 03:40,57
2026/09/29 03:50,57
2026/09/29 04:00,57
2026/09/29 04:10,57
2026/09/29 04:20,57
2026/09/29 04:30,57
2026/09/29 04:40,57
2026/09/29 04:50,57
2026/09/29 07:00,57
2026/09/29 07:10,57
2026/09/29 07:30,57
2026/09/29 07:40,57
2026/09/29 07:50,57
2026/09/29 08:00,57
2026/09/29 08:10,57
2026/09/29 08:20,57
2026/09/29 08:30,57
2026/09/29 08:40,57
2026/09/29 08:50,57
2026/09/29 09:00,57
2026/09/29 09:10,57
2026/09/29 09:20,57
2026/09/29 09:30,57
2026/09/29 09:40,57
2026/09/29 09:50,57
2026/09/29 10:00,57
2026/09/29 10:10,57
2026/09/29 10:20,57
2026/09/29 10:30,57
2026/09/29 10:40,57
2026/09/29 10:50,57
2026/09/29 11:00,57
2026/09/29 11:10,57
2026/09/29 11:20,57
2026/09/29 11:30,57
2026/09/29 11:40,57
2026/09/29 11:50,57
2026/09/29 12:00,57
2026/09/29 12:10,57
2026/09/29 12:20,57
2026/09/29 12:30,57
2026/09/29 12:40,57
2026/09/29 12:50,57
2026/09/29 13:00,57
2026/09/29 13:10,57
2026/09/29 13:20,57
2026/09/29 13:30,57
2026/09/29 13:40,57
2026/09/29 13:50,57
2026/09/29 14:00,57
2026/09/29 14:10,57
2026/09/29 14:20,57
2026/09/29 14:30,57
2026/09/29 14:40,57
2026/09/29 14:50,57
2026/09/29 15:00,57
2026/09/29 15:10,57
2026/09/29 15:20,57
2026/09/29 15:30,57
2026/09/29 15:40,57
2026/09/29 15:50,57
2026/09/29 16:00,57
2026/09/29 16:10,57
2026/09/29 16:20,55
2026/09/29 16:30,55
2026/09/29 16:40,55
2026/09/29 16:50,55
2026/09/29 17:00,55
2026/09/29 17:10,54
2026/09/29 17:20,54
2026/09/29 17:30,54
2026/09/29 17:40,54
2026/09/29 17:50,54
2026/09/29 18:00,54
2026/09/29 18:10,54
2026/09/29 18:20,54
2026/09/29 18:30,54
2026/09/29 18:40,54
2026/09/29 18:50,53
2026/09/29 19:00,53
2026/09/29 19:10,53
2026/09/29 19:20,52
2026/09/29 19:30,52
2026/09/29 19:40,52
2026/09/29 19:50,51
2026/09/29 20:00,51
2026/09/29 20:10,51
2026/09/29 20:20,51
2026/09/29 20:30,51
2026/09/29 20:40,51
2026/09/29 20:50,51
2026/09/29 21:00,51
2026/09/29 21:10,51
2026/09/29 21:20,50
2026/09/29 21:30,49
2026/09/29 21:40,49
2026/09/29 21:50,48
2026/09/29 22:00,48
2026/09/29 22:10,48
2026/09/29 22:20,47
2026/09/29 22:30,47
2026/09/29 22:40,47
2026/09/29 22:50,47
2026/09/29 23:00,47
2026/09/29 23:10,47
2026/09/29 23:20,47
2026/09/29 23:30,47
2026/09/29 23:40,47
2026/09/29 23:50,47
2026/09/30 00:00,47
2026/09/30 00:10,47
2026/09/30 00:20,47
2026/09/30 00:30,47
2026/09/30 00:40,47
2026/09/30 00:50,47
2026/09/30 01:00,47
2026/09/30 01:10,47
2026/09/30 01:20,47
2026/09/30 01:30,47
2026/09/30 01:40,47
2026/09/30 01:50,46
2026/09/30 02:00,46
2026/09/30 02:10,46
2026/09/30 02:20,46
2026/09/30 02:30,46
2026/09/30 02:40,46
2026/09/30 02:50,46
2026/09/30 03:00,46
2026/09/30 03:10,46
2026/09/30 03:20,46
2026/09/30 03:30,46
2026/09/30 03:40,46
2026/09/30 03:50,46
2026/09/30 04:00,46
2026/09/30 04:10,46
2026/09/30 04:20,46
2026/09/30 04:30,46
2026/09/30 04:40,46
2026/09/30 04:50,46
2026/09/30 07:00,46
2026/09/30 07:10,46
2026/09/30 07:20,46
2026/09/30 07:30,46
2026/09/30 07:40,46
2026/09/30 07:50,46
2026/09/30 08:00,46
2026/09/30 08:10,46
2026/09/30 08:20,46
2026/09/30 08:30,46
2026/09/30 08:40,46
2026/09/30 08:50,46
2026/09/30 09:00,46
2026/09/30 09:10,46
2026/09/30 09:20,46
2026/09/30 09:30,46
2026/09/30 09:40,46
2026/09/30 09:50,46
2026/09/30 10:00,45
2026/09/30 10:10,45
2026/09/30 10:20,45
2026/09/30 10:30,45
2026/09/30 10:40,45
2026/09/30 10:50,45
2026/09/30 11:00,45
2026/09/30 11:10,45
2026/09/30 11:20,45
2026/09/30 11:30,45
2026/09/30 11:40,44
2026/09/30 11:50,44
2026/09/30 12:00,44
2026/09/30 12:10,43
2026/09/30 12:20,43
2026/09/30 12:30,43
2026/09/30 12:40,43
2026/09/30 12:50,42
2026/09/30 13:00,42
2026/09/30 13:10,42
2026/09/30 13:20,41
2026/09/30 13:30,41
2026/09/30 13:40,41
2026/09/30 13:50,41
2026/09/30 14:00,41
2026/09/30 14:10,41
2026/09/30 14:20,41
2026/09/30 14:30,41
2026/09/30 14:40,41
2026/09/30 14:50,41
2026/09/30 15:00,40
2026/09/30 15:10,40
2026/09/30 15:20,40
2026/09/30 15:30,39
2026/09/30 15:40,39
2026/09/30 15:50,39
2026/09/30 16:00,39
2026/09/30 16:10,39
2026/09/30 16:20,39
2026/09/30 16:30,39
2026/09/30 16:40,38
2026/09/30 16:50,38
2026/09/30 17:00,38
2026/09/30 17:10,38
2026/09/30 17:20,38
2026/09/30 17:30,38
2026/09/30 17:40,38
2026/09/30 17:50,38
2026/09/30 18:00,38
2026/09/30 18:10,38
2026/09/30 18:20,38
2026/09/30 18:30,38
2026/09/30 18:40,38
2026/09/30 18:50,38
2026/09/30 19:00,38
2026/09/30 19:10,37
2026/09/30 19:20,37
2026/09/30 19:30,37
2026/09/30 19:40,37
2026/09/30 19:50,36
2026/09/30 20:00,36
2026/09/30 20:10,36
2026/09/30 20:20,35
2026/09/30 20:30,35
2026/09/30 20:40,35
2026/09/30 20:50,35
2026/09/30 21:00,35
2026/09/30 21:10,34
2026/09/30 21:20,34
2026/09/30 21:30,34
2026/09/30 21:40,34
2026/09/30 21:50,34
2026/09/30 22:00,34
2026/09/30 22:10,34
2026/09/30 22:20,34
2026/09/30 22:30,34
2026/09/30 22:40,34
2026/09/30 22:50,34
2026/09/30 23:00,34
2026/09/30 23:10,34
2026/09/30 23:20,34
2026/09/30 23:30,34
2026/09/30 23:40,34
2026/09/30 23:50,33
2026/10/01 00:00,33
2026/10/01 00:10,33
2026/10/01 00:20,33
2026/10/01 00:30,33
2026/10/01 00:40,33
2026/10/01 00:50,33
2026/10/01 01:00,33
2026/10/01 01:10,33
2026/10/01 01:20,33
2026/10/01 01:30,33
2026/10/01 01:40,33
2026/10/01 01:50,33
2026/10/01 02:00,33
2026/10/01 02:10,33
2026/10/01 02:20,33
2026/10/01 02:30,33
2026/10/01 02:40,33
2026/10/01 02:50,33
2026/10/01 03:00,33
2026/10/01 03:10,33
2026/10/01 03:20,33
2026/10/01 03:30,33
2026/10/01 03:40,32
2026/10/01 03:50,32
2026/10/01 04:00,32
2026/10/01 04:10,32
2026/10/01 04:20,32
2026/10/01 04:30,32
2026/10/01 04:40,32
2026/10/01 04:50,32
2026/10/01 07:00,32
2026/10/01 07:10,32
2026/10/01 07:20,32
2026/10/01 07:30,32
2026/10/01 07:40,32
2026/10/01 07:50,32
2026/10/01 08:00,32
2026/10/01 08:10,32
2026/10/01 08:20,32
2026/10/01 08:30,32
2026/10/01 08:40,32
2026/10/01 08:50,32
2026/10/01 09:00,32
2026/10/01 09:10,32
2026/10/01 09:20,32
2026/10/01 09:30,32
2026/10/01 09:40,32
2026/10/01 09:50,32
2026/10/01 10:00,32
2026/10/01 10:10,32
2026/10/01 10:20,32
2026/10/01 10:30,32
2026/10/01 10:40,32
2026/10/01 10:50,32
2026/10/01 11:00,32
2026/10/01 11:10,32
2026/10/01 11:20,32
2026/10/01 11:30,32
2026/10/01 11:40,32
2026/10/01 11:50,32
2026/10/01 12:00,32
2026/10/01 12:10,32
2026/10/01 12:20,31
2026/10/01 12:30,31
2026/10/01 12:40,31
2026/10/01 12:50,31
2026/10/01 13:00,31
2026/10/01 13:10,31
2026/10/01 13:20,30
2026/10/01 13:30,30
2026/10/01 13:40,30
2026/10/01 13:50,29
2026/10/01 14:00,29
2026/10/01 14:10,29
2026/10/01 14:20,29
2026/10/01 14:30,28
2026/10/01 14:40,28
2026/10/01 14:50,28
2026/10/01 15:00,28
2026/10/01 15:10,28
2026/10/01 15:20,28
2026/10/01 15:30,28
2026/10/01 15:40,28
2026/10/01 15:50,28
2026/10/01 16:00,28
2026/10/01 16:10,28
2026/10/01 16:20,28
2026/10/01 16:30,28
2026/10/01 16:40,27
2026/10/01 16:50,27
2026/10/01 17:00,27
2026/10/01 17:10,27
2026/10/01 17:20,27
2026/10/01 17:30,27
2026/10/01 17:40,27
2026/10/01 17:50,27
2026/10/01 18:00,27
2026/10/01 18:10,25
2026/10/01 18:20,25
2026/10/01 18:30,25
2026/10/01 18:40,25
2026/10/01 18:50,25
2026/10/01 19:00,25
2026/10/01 19:10,25
2026/10/01 19:20,25
2026/10/01 19:30,25
2026/10/01 19:40,24
2026/10/01 19:50,24
2026/10/01 20:00,24
2026/10/01 20:10,24
2026/10/01 20:20,24
2026/10/01 20:30,23
2026/10/01 20:40,22
2026/10/01 20:50,22
2026/10/01 21:00,21
2026/10/01 21:10,21
2026/10/01 21:20,21
2026/10/01 21:30,21
2026/10/01 21:40,21
2026/10/01 21:50,21
2026/10/01 22:00,21
2026/10/01 22:10,20
2026/10/01 22:20,20
2026/10/01 22:30,20
2026/10/01 22:40,20
2026/10/01 22:50,19
2026/10/01 23:00,19
2026/10/01 23:10,19
2026/10/01 23:20,19
2026/10/01 23:30,19
2026/10/01 23:40,19
2026/10/01 23:50,19
2026/10/02 00:00,19
2026/10/02 00:10,19
2026/10/02 00:20,19
2026/10/02 00:30,19
2026/10/02 00:40,19
2026/10/02 00:50,19
2026/10/02 01:00,19
2026/10/02 01:10,19
2026/10/02 01:20,19
2026/10/02 01:30,18
2026/10/02 01:40,18
2026/10/02 01:50,18
2026/10/02 02:00,18
2026/10/02 02:10,18
2026/10/02 02:20,18
2026/10/02 02:30,18
2026/10/02 02:40,18
2026/10/02 02:50,18
2026/10/02 03:00,18
2026/10/02 03:10,18
2026/10/02 03:20,18
2026/10/02 03:30,18
2026/10/02 03:40,18
2026/10/02 03:50,18
2026/10/02 04:00,18
2026/10/02 04:10,18
2026/10/02 04:20,18
2026/10/02 04:30,18
2026/10/02 04:40,18
2026/10/02 04:50,18
2026/10/02 07:00,18
2026/10/02 07:10,18
2026/10/02 07:20,18
2026/10/02 07:30,18
2026/10/02 07:40,18
2026/10/02 07:50,18
2026/10/02 08:00,18
2026/10/02 08:10,18
2026/10/02 08:20,18
2026/10/02 08:30,18
2026/10/02 08:40,18
2026/10/02 08:50,18
2026/10/02 09:00,18
2026/10/02 09:10,18
2026/10/02 09:20,18
2026/10/02 09:30,18
2026/10/02 09:40,18
2026/10/02 09:50,18
2026/10/02 10:00,18
2026/10/02 10:10,18
2026/10/02 10:20,18
2026/10/02 10:30,18
2026/10/02 10:40,18
2026/10/02 10:50,18
2026/10/02 11:00,18
2026/10/02 11:10,18
2026/10/02 11:20,18
2026/10/02 11:30,18
2026/10/02 11:40,18
2026/10/02 11:50,17
2026/10/02 12:00,16
2026/10/02 12:10,16
2026/10/02 12:20,16
2026/10/02 12:30,16
2026/10/02 12:40,16
2026/10/02 12:50,16
2026/10/02 13:00,16
2026/10/02 13:10,16
2026/10/02 13:20,16
2026/10/02 13:30,16
2026/10/02 13:40,16
2026/10/02 13:50,16
2026/10/02 14:00,15
2026/10/02 14:10,15
2026/10/02 14:20,15
2026/10/02 14:30,15
2026/10/02 14:40,15
2026/10/02 14:50,15
2026/10/02 15:00,15
2026/10/02 15:10,15
2026/10/02 15:20,15
2026/10/02 15:30,14
2026/10/02 15:40,14
2026/10/02 15:50,14
2026/10/02 16:00,14
2026/10/02 16:10,14
2026/10/02 16:20,14
2026/10/02 16:30,14
2026/10/02 16:40,14
2026/10/02 16:50,14
2026/10/02 17:00,14
2026/10/02 17:10,14
2026/10/02 17:20,13
2026/10/02 17:30,13
2026/10/02 17:40,13
2026/10/02 17:50,12
2026/10/02 18:00,12
2026/10/02 18:10,12
2026/10/02 18:20,12
2026/10/02 18:30,12
2026/10/02 18:40,12
2026/10/02 18:50,12
2026/10/02 19:00,12
2026/10/02 19:10,12
2026/10/02 19:20,12
2026/10/02 19:30,12
2026/10/02 19:40,12
2026/10/02 19:50,12
2026/10/02 20:00,12
2026/10/02 20:10,12
2026/10/02 20:20,12
2026/10/02 20:30,12
2026/10/02 20:40,12
2026/10/02 20:50,12
2026/10/02 21:00,12
2026/10/02 21:10,10
2026/10/02 21:20,10
2026/10/02 21:30,10
2026/10/02 21:40,9
2026/10/02 21:50,9
2026/10/02 22:00,9
2026/10/02 22:10,9
2026/10/02 22:20,9
2026/10/02 22:30,9
2026/10/02 22:40,9
2026/10/02 22:50,8
2026/10/02 23:00,8
2026/10/02 23:10,8
2026/10/02 23:20,8
2026/10/02 23:30,8
2026/10/02 23:40,8
2026/10/02 23:50,8
2026/10/03 00:00,8
2026/10/03 00:10,7
2026/10/03 00:20,6
2026/10/03 00:30,6
2026/10/03 00:40,6
2026/10/03 00:50,6
2026/10/03 01:00,6
2026/10/03 01:10,6
2026/10/03 01:20,6
2026/10/03 01:30,6
2026/10/03 01:40,6
2026/10/03 01:50,6
2026/10/03 02:00,6
2026/10/03 02:10,6
2026/10/03 02:20,6
2026/10/03 02:30,6
2026/10/03 02:40,6
2026/10/03 02:50,6
2026/10/03 03:00,6
2026/10/03 03:10,6
2026/10/03 03:20,6
2026/10/03 03:30,6
2026/10/03 03:40,6
2026/10/03 03:50,6
2026/10/03 04:00,6
2026/10/03 04:10,6
2026/10/03 04:20,6
2026/10/03 04:30,6
2026/10/03 04:40,6
2026/10/03 04:50,6
2026/10/03 07:00,6
2026/10/03 07:10,6
2026/10/03 07:20,6
2026/10/03 07:30,6
2026/10/03 07:40,6
2026/10/03 07:50,6
2026/10/03 08:00,6
2026/10/03 08:10,6
2026/10/03 08:20,6
2026/10/03 08:30,6
2026/10/03 08:40,6
2026/10/03 08:50,6
2026/10/03 09:00,6
2026/10/03 09:10,6
2026/10/03 09:20,6
2026/10/03 09:30,6
2026/10/03 09:40,6
2026/10/03 09:50,6
2026/10/03 10:00,6
2026/10/03 10:10,6
2026/10/03 10:20,6
2026/10/03 10:30,5
2026/10/03 10:40,5
2026/10/03 10:50,5
2026/10/03 11:00,5
2026/10/03 11:10,4
2026/10/03 11:20,4
2026/10/03 11:30,4
2026/10/03 11:40,4
2026/10/03 11:50,3
2026/10/03 12:00,3
2026/10/03 12:10,3
2026/10/03 12:20,3
2026/10/03 12:30,2
2026/10/03 12:40,1
2026/10/03 12:50,1
2026/10/03 13:00,1
2026/10/03 13:10,0
